kBT,JA,phase,phase_label,predicted_phase_before_exact,distance_to_normal_sc_boundary,distance_to_uniform_fflo_boundary,distance_to_old_curve_1,distance_to_old_curve_2,Delta_opt,q_opt,eta,Ic_plus,Ic_minus,eta_denominator_diagnostic,abs_Ic_plus,abs_Ic_minus,min_abs_Ic,F_SC,F_normal,DeltaF,free_energy_gap_to_normal,positive_delta_gap,delta_status,delta_boundary_ambiguous,delta_unresolved,delta_unresolved_requiring_rerun,delta_boundary_band_normal,needs_rerun_exact,q_min,q_max,q_edge_hit,q_expanded,q_unresolved,trusted_exact,training_eligible_exact,source_iteration,selection_source,A0_main,A0_main_raw,A0_for_pool,Aselect,B_delta_raw,U_NS,B_delta_gated,response_reliability,eta_positive_strong,n_q,coord_key,audit_roles
0.0163333333333333,1.4111250000000002,normal,0,0.0,0.021979015410037,0.6578397731216125,0.3826061320754717,0.3904711750986652,0.0,-1.0,0.0,0.0,0.0,0.0,0.0,0.0,0.0,,,0.0,0.0,1.6803073288329529e-07,2,0,0,False,0,0,-1.0,0.5,0,0,0,1,1,10,acquisition_stochastic,0.6864769460212904,0.6864769460212904,0.6864769460212904,0.0023931005644617,0.5715412579222835,0.5313894465821587,0.303710992746193,near_normal_unreliable,False,,"0.01633333,1.41112500",phase_qwindow_boundary_sensitive
0.0186666666666666,1.4111250000000002,normal,0,0.0,0.0223307984933624,0.6580197357650073,0.3826061320754717,0.3896604908208452,0.0,-1.0,0.0,0.0,0.0,0.0,0.0,0.0,0.0,,,0.0,0.0,1.6567515825904877e-07,2,0,0,False,0,0,-1.0,0.5,0,0,0,1,1,4,acquisition_stochastic,0.7042643943497333,0.7042643943497333,0.7042643943497333,0.0140669495103667,0.5856160958971554,0.6529661019976593,0.3823874594050529,near_normal_unreliable,False,,"0.01866667,1.41112500",phase_qwindow_boundary_sensitive
0.028,1.4111250000000002,normal,0,0.0,0.0223046739867748,0.6583451858934359,0.3826061320754717,0.3868497879335108,0.0,-1.0,0.0,0.0,0.0,0.0,0.0,0.0,0.0,,,0.0,0.0,1.43125886697959e-07,2,0,0,False,0,0,-1.0,0.5,0,0,0,1,1,1,acquisition_stochastic,0.9361908562234676,0.9361908562234676,0.9361908562234676,0.6177297851186244,0.8033064223806452,0.6699066178468239,0.5381402885116502,near_normal_unreliable,False,,"0.02800000,1.41112500",phase_qwindow_boundary_sensitive
0.0023333333333333,1.4045,normal,0,0.0,0.0234674055887385,0.6541888587663564,0.3797280062618552,0.3932048135593844,0.0,-1.0,0.0,0.0,0.0,0.0,0.0,0.0,0.0,,,0.0,0.0,1.481533684621894e-07,2,0,0,False,0,0,-1.0,0.5,0,0,0,1,1,11,acquisition_stochastic,1.4012363328913529,1.4012363328913529,1.4012363328913529,0.2159887643712442,0.4970142424050124,0.987274303799746,0.4906893901489668,near_normal_unreliable,False,,"0.00233333,1.40450000",phase_qwindow_boundary_sensitive
0.0046666666666666,1.4045,normal,0,,0.0223301543150293,0.6542106198742497,0.3796006224298471,0.3921342265050915,0.0,-1.0,0.0,0.0,0.0,0.0,0.0,0.0,0.0,,,0.0,0.0,1.505411633129228e-07,2,0,0,False,0,0,-1.0,0.5,0,0,0,1,1,0,random_seed,,,,,,,,near_normal_unreliable,False,,"0.00466667,1.40450000",phase_qwindow_boundary_sensitive
0.0116666666666666,1.4045,normal,0,0.0,0.0206415488194436,0.6544350885735346,0.3794811320754717,0.3891725369312541,0.0,-1.0,0.0,0.0,0.0,0.0,0.0,0.0,0.0,,,0.0,0.0,1.5847282530678797e-07,2,0,0,False,0,0,-1.0,0.5,0,0,0,1,1,16,acquisition_stochastic,0.6691140407991875,0.6691140407991875,0.6691140407991875,0.0037788528166118,0.6007246798771194,0.4949821791462085,0.2973480111124851,near_normal_unreliable,False,,"0.01166667,1.40450000",phase_qwindow_boundary_sensitive
0.014,1.4045,normal,0,0.0,0.0193238957611475,0.6545629429377752,0.3794811320754717,0.388269724007517,0.0,-1.0,0.0,0.0,0.0,0.0,0.0,0.0,0.0,,,0.0,0.0,1.595452796543384e-07,2,0,0,False,0,0,-1.0,0.5,0,0,0,1,1,2,acquisition_stochastic,1.1944917376423632,1.1944917376423632,1.1944917376423632,0.5687775750016852,0.6429848005014686,0.926023227078415,0.5954188599227408,near_normal_unreliable,False,,"0.01400000,1.40450000",phase_qwindow_boundary_sensitive
0.0163333333333333,1.4045,normal,0,0.0,0.0188540335029972,0.6547172898287431,0.3794811320754717,0.3874096228573326,0.0,-1.0,0.0,0.0,0.0,0.0,0.0,0.0,0.0,,,0.0,0.0,1.581696751351558e-07,2,0,0,False,0,0,-1.0,0.5,0,0,0,1,1,15,acquisition_stochastic,0.4932500942708093,0.4932500942708093,0.4932500942708093,0.002002386504083,0.5571224457234424,0.4079907421795673,0.2273008001156029,near_normal_unreliable,False,,"0.01633333,1.40450000",phase_qwindow_boundary_sensitive
0.0186666666666666,1.4045,normal,0,0.0,0.0192716021389918,0.6548981105151014,0.3794811320754717,0.3865925185596201,0.0,-1.0,0.0,0.0,0.0,0.0,0.0,0.0,0.0,,,0.0,0.0,1.5446193013524126e-07,2,0,0,False,0,0,-1.0,0.5,0,0,0,1,1,13,acquisition_stochastic,0.5242368886029897,0.5242368886029897,0.5242368886029897,0.0029670321675803,0.6088341842614107,0.458096287124049,0.2789046792843513,near_normal_unreliable,False,,"0.01866667,1.40450000",clean_high_JA_boundary_control;phase_qwindow_boundary_sensitive
0.0373333333333333,1.4045,normal,0,0.0,0.0205647814867539,0.6552202815053935,0.3794811320754717,0.3816336615089744,0.0,-1.0,0.0,0.0,0.0,0.0,0.0,0.0,0.0,,,0.0,0.0,1.0454933185854999e-07,2,0,0,False,0,0,-1.0,0.5,0,0,0,1,1,1,acquisition_stochastic,0.822402655639083,0.822402655639083,0.822402655639083,0.0954693487938036,0.8319670414412479,0.5400092228269615,0.4492698754663347,near_normal_unreliable,False,,"0.03733333,1.40450000",phase_qwindow_boundary_sensitive
0.0,1.3978750000000002,normal,0,2.0,0.0219401122714819,0.6510686651068595,0.3767795319571252,0.3913100177449392,0.0,-1.0,0.0,0.0,0.0,0.0,0.0,0.0,0.0,,,0.0,0.0,1.3750546701274402e-07,2,0,0,False,0,0,-1.0,0.5,0,0,0,1,1,8,acquisition_stochastic,0.9655414066593748,0.9655414066593748,0.9655414066593748,0.0133308636125782,0.4638173127187708,0.9043752036841528,0.4194648766622748,near_normal_unreliable,False,,"0.00000000,1.39787500",phase_qwindow_boundary_sensitive
0.0023333333333333,1.3978750000000002,normal,0,2.0,0.0205760155468947,0.6510638652882127,0.3766050547843615,0.390189740966877,0.0,-1.0,0.0,0.0,0.0,0.0,0.0,0.0,0.0,,,0.0,0.0,1.391761135227654e-07,2,0,0,False,0,0,-1.0,0.5,0,0,0,1,1,3,acquisition_stochastic,0.8754405007877076,0.8754405007877076,0.8754405007877076,0.0095262249952702,0.5398551172223686,0.8334055351134274,0.4499182428524301,near_normal_unreliable,False,,"0.00233333,1.39787500",phase_qwindow_boundary_sensitive
0.0046666666666666,1.3978750000000002,normal,0,0.0,0.0192688630295801,0.651085730842145,0.3764766142785707,0.3891108584276141,0.0,-1.0,0.0,0.0,0.0,0.0,0.0,0.0,0.0,,,0.0,0.0,1.413131121008604e-07,2,0,0,False,0,0,-1.0,0.5,0,0,0,1,1,16,acquisition_stochastic,0.9114631300741848,0.9114631300741848,0.9114631300741848,0.2415682571434559,0.5418328435162816,0.777512761964327,0.421281950685329,near_normal_unreliable,False,,"0.00466667,1.39787500",phase_qwindow_boundary_sensitive
0.007,1.3978750000000002,normal,0,0.0,0.0188129734848484,0.6511342590823298,0.3763942575683133,0.388073715367291,0.0,-1.0,0.0,0.0,0.0,0.0,0.0,0.0,0.0,,,0.0,0.0,1.437899552758637e-07,2,0,0,False,0,0,-1.0,0.5,0,0,0,1,1,10,acquisition_stochastic,1.4871530786442777,1.4871530786442777,1.4871530786442777,0.4565034605731937,0.516519594376593,0.9827810167711754,0.5076256521436632,near_normal_unreliable,False,,"0.00700000,1.39787500",phase_qwindow_boundary_sensitive
0.0093333333333333,1.3978750000000002,normal,0,0.0,0.0192688630295801,0.651209444048043,0.3763580149065116,0.3870786472977989,0.0,-1.0,0.0,0.0,0.0,0.0,0.0,0.0,0.0,,,0.0,0.0,1.471486144044576e-07,2,0,0,False,0,0,-1.0,0.5,0,0,0,1,1,7,acquisition_stochastic,1.4876665347549491,1.4876665347549491,1.4876665347549491,0.6659108716918993,0.4912737481667506,0.9951280782522608,0.4888803009089637,near_normal_unreliable,False,,"0.00933333,1.39787500",phase_qwindow_boundary_sensitive
0.0116666666666666,1.3978750000000002,normal,0,0.0,0.0178326175477123,0.6513112765078232,0.3763561320754717,0.3861259795080314,0.0,-1.0,0.0,0.0,0.0,0.0,0.0,0.0,0.0,,,0.0,0.0,1.496451338400817e-07,2,0,0,False,0,0,-1.0,0.5,0,0,0,1,1,8,acquisition_stochastic,0.9070118086600863,0.9070118086600863,0.9070118086600863,0.0767815318583051,0.5191556252401475,0.8941523894231364,0.4642042427909402,near_normal_unreliable,False,,"0.01166667,1.39787500",phase_qwindow_boundary_sensitive
0.0186666666666666,1.3978750000000002,normal,0,0.0,0.0162374870794725,0.6517765176087967,0.3763561320754717,0.3835254671541365,0.0,-1.0,0.0,0.0,0.0,0.0,0.0,0.0,0.0,,,0.0,0.0,1.4150920124578192e-07,2,0,0,False,0,0,-1.0,0.5,0,0,0,1,1,12,acquisition_stochastic,0.6447499917137337,0.6447499917137337,0.6447499917137337,0.0005870370188745,0.5651529492321854,0.5460805030788244,0.3086190068331931,near_normal_unreliable,False,,"0.01866667,1.39787500",phase_qwindow_boundary_sensitive
0.021,1.3978750000000002,normal,0,0.0,0.0156758316537959,0.6519847825555654,0.3763561320754717,0.3827454319803573,0.0,-1.0,0.0,0.0,0.0,0.0,0.0,0.0,0.0,,,0.0,0.0,1.3469728621373633e-07,2,0,0,False,0,0,-1.0,0.5,0,0,0,1,1,18,acquisition_stochastic,0.3828597497539905,0.3828597497539905,0.3828597497539905,0.0057031810683225,0.5878575405105949,0.2899634768719043,0.1704572163518184,near_normal_unreliable,False,,"0.02100000,1.39787500",phase_qwindow_boundary_sensitive
0.0233333333333333,1.3978750000000002,normal,0,0.0,0.0162027661725548,0.6520951996557425,0.3763561320754717,0.3820092533828,0.0,-1.0,0.0,0.0,0.0,0.0,0.0,0.0,0.0,,,0.0,0.0,1.2714506314459584e-07,2,0,0,False,0,0,-1.0,0.5,0,0,0,1,1,9,acquisition_stochastic,0.6092257548585477,0.6092257548585477,0.6092257548585477,0.3440908809214721,0.5892574540446521,0.4250004757724679,0.2504346983214503,near_normal_unreliable,False,,"0.02333333,1.39787500",phase_qwindow_boundary_sensitive
0.0,1.39125,normal,0,2.0,0.0188151406504487,0.6479436948408618,0.3736580729776337,0.3883053821247819,0.0,-1.0,0.0,0.0,0.0,0.0,0.0,0.0,0.0,,,0.0,0.0,1.295008520418861e-07,2,0,0,False,0,0,-1.0,0.5,0,0,0,1,1,4,acquisition_stochastic,0.8284315132699006,0.8284315132699006,0.8284315132699006,0.013058050736784,0.4762355381138314,0.7948118114995292,0.3785176307487074,near_normal_unreliable,False,,"0.00000000,1.39125000",phase_qwindow_boundary_sensitive
0.0023333333333333,1.39125,normal,0,2.0,0.0177639228917981,0.6479388718729783,0.3734821375764311,0.387176411672156,0.0,-1.0,0.0,0.0,0.0,0.0,0.0,0.0,0.0,,,0.0,0.0,1.2909736124555593e-07,2,0,0,False,0,0,-1.0,0.5,0,0,0,1,1,9,acquisition_stochastic,1.3523738232431697,1.3523738232431697,1.3523738232431697,0.138152751040796,0.4523996838623946,0.9728046547073178,0.4400965182494565,near_normal_unreliable,False,,"0.00233333,1.39125000",phase_qwindow_boundary_sensitive
0.0116666666666666,1.39125,normal,0,0.0,0.015148010085172,0.6481874758943202,0.3732311320754717,0.3830806858229281,0.0,-1.0,0.0,0.0,0.0,0.0,0.0,0.0,0.0,,,0.0,0.0,1.3970020784626058e-07,2,0,0,False,0,0,-1.0,0.5,0,0,0,1,1,6,acquisition_stochastic,1.5010208530932432,1.5010208530932432,1.5010208530932432,0.134603965808206,0.4498101295335994,0.999416265744582,0.4495475599525567,near_normal_unreliable,False,,"0.01166667,1.39125000",phase_qwindow_boundary_sensitive
0.014,1.39125,normal,0,0.0,0.0132966770007659,0.6483165623500307,0.3732311320754717,0.3821634819418648,0.0,-1.0,0.0,0.0,0.0,0.0,0.0,0.0,0.0,,,0.0,0.0,1.3815480315315656e-07,2,0,0,False,0,0,-1.0,0.5,0,0,0,1,1,14,acquisition_stochastic,1.2007500526121873,1.2007500526121873,1.2007500526121873,0.179661281775326,0.5197380873697602,0.9502620453662072,0.4938873779587088,near_normal_unreliable,False,,"0.01400000,1.39125000",phase_qwindow_boundary_sensitive
0.0163333333333333,1.39125,normal,0,0.0,0.0126040966041657,0.6484723959820452,0.3732311320754717,0.3812896067709128,0.0,-1.0,0.0,0.0,0.0,0.0,0.0,0.0,0.0,,,0.0,0.0,1.3342533189408814e-07,2,0,0,False,0,0,-1.0,0.5,0,0,0,1,1,1,acquisition_stochastic,1.3375010005866117,1.3375010005866117,1.3375010005866117,0.009120570404968,0.7124216531178208,0.9508470419642616,0.6774040214983691,near_normal_unreliable,False,,"0.01633333,1.39125000",phase_qwindow_boundary_sensitive
0.0233333333333333,1.39125,normal,0,0.0,0.0132031139999215,0.6489702066363006,0.3732311320754717,0.37893087690186,0.0,-1.0,0.0,0.0,0.0,0.0,0.0,0.0,0.0,,,0.0,0.0,1.1002199928888957e-07,2,0,0,False,0,0,-1.0,0.5,0,0,0,1,1,11,acquisition_stochastic,0.572302416029574,0.572302416029574,0.572302416029574,0.0256798151181393,0.5585950733210261,0.5558614932734591,0.3105014915914229,near_normal_unreliable,False,,"0.02333333,1.39125000",phase_qwindow_boundary_sensitive
0.0256666666666666,1.39125,normal,0,0.0,0.0125496525724304,0.6489747544237299,0.3732311320754717,0.3782331763080663,0.0,-1.0,0.0,0.0,0.0,0.0,0.0,0.0,0.0,,,0.0,0.0,1.019995827800102e-07,2,0,0,False,0,0,-1.0,0.5,0,0,0,1,1,10,acquisition_stochastic,0.6306055293136801,0.6306055293136801,0.6306055293136801,0.0101770854251635,0.576019588754389,0.4976834051901094,0.2866753903874907,near_normal_unreliable,False,,"0.02566667,1.39125000",clean_high_JA_boundary_control;phase_qwindow_boundary_sensitive
0.0,1.3846250000000002,normal,0,2.0,0.0156901803337982,0.644818724863064,0.3705366736922095,0.3853026613411867,0.0,-1.0,0.0,0.0,0.0,0.0,0.0,0.0,0.0,,,0.0,0.0,1.1630740659462901e-07,2,0,0,False,0,0,-1.0,0.5,0,0,0,1,1,7,acquisition_stochastic,0.6788468971353231,0.6788468971353231,0.6788468971353231,0.0026971497888616,0.4057112219250012,0.5395349119120214,0.2188953683830241,near_normal_unreliable,False,,"0.00000000,1.38462500",phase_qwindow_boundary_sensitive
0.0023333333333333,1.3846250000000002,normal,0,2.0,0.0150755678906451,0.6448138785215684,0.3703592555049604,0.3841648666976917,0.0,-1.0,0.0,0.0,0.0,0.0,0.0,0.0,0.0,,,0.0,0.0,1.1800109622761569e-07,2,0,0,False,0,0,-1.0,0.5,0,0,0,1,1,14,acquisition_stochastic,0.9304717838587268,0.9304717838587268,0.9304717838587268,0.0147622277441696,0.4778869696005803,0.7768921917559113,0.3712666552245854,near_normal_unreliable,False,,"0.00233333,1.38462500",phase_qwindow_boundary_sensitive
0.0046666666666666,1.3846250000000002,normal,0,0.0,0.0132359137913525,0.6448359560045098,0.3702286481996124,0.3830690159688348,0.0,-1.0,0.0,0.0,0.0,0.0,0.0,0.0,0.0,,,0.0,0.0,1.2078266409254468e-07,2,0,0,False,0,0,-1.0,0.5,0,0,0,1,1,15,acquisition_stochastic,1.2946274453112083,1.2946274453112083,1.2946274453112083,0.0059697892224359,0.4875470173202157,0.9785305916124064,0.4770796712972148,near_normal_unreliable,False,,"0.00466667,1.38462500",phase_qwindow_boundary_sensitive
0.007,1.3846250000000002,normal,0,,0.0125629734848484,0.6448849545466964,0.370144901328464,0.3820154701161065,0.0,-1.0,0.0,0.0,0.0,0.0,0.0,0.0,0.0,,,0.0,0.0,1.2420511152910765e-07,2,0,0,False,0,0,-1.0,0.5,0,0,0,1,1,0,random_seed,,,,,,,,near_normal_unreliable,False,,"0.00700000,1.38462500",phase_qwindow_boundary_sensitive
0.0093333333333333,1.3846250000000002,normal,0,2.0,0.0132359137913524,0.644960868012441,0.3701080467018066,0.3810045800813298,0.0,-1.0,0.0,0.0,0.0,0.0,0.0,0.0,0.0,,,0.0,0.0,1.2773984048308762e-07,2,0,0,False,0,0,-1.0,0.5,0,0,0,1,1,13,acquisition_stochastic,1.6161774168207774,1.6161774168207774,1.6161774168207774,0.409487485445849,0.5469996139375692,0.9999342005620202,0.546963621670397,near_normal_unreliable,False,,"0.00933333,1.38462500",phase_qwindow_boundary_sensitive
0.014,1.3846250000000002,normal,0,0.0,0.0103823325991896,0.6451933983445284,0.3701061320754717,0.3791121179538559,0.0,-1.0,0.0,0.0,0.0,0.0,0.0,0.0,0.0,,,0.0,0.0,1.245128631310877e-07,2,0,0,False,0,0,-1.0,0.5,0,0,0,1,1,5,acquisition_stochastic,1.0002234799079148,1.0002234799079148,1.0002234799079148,0.5329032624940082,0.5018474997294187,0.9440914916854104,0.4737899546181405,near_normal_unreliable,False,,"0.01400000,1.38462500",phase_qwindow_boundary_sensitive
0.0163333333333333,1.3846250000000002,normal,0,0.0,0.0094791593585424,0.6453499861320945,0.3701061320754717,0.3782311928980021,0.0,-1.0,0.0,0.0,0.0,0.0,0.0,0.0,0.0,,,0.0,0.0,1.1764472640507508e-07,2,0,0,False,0,0,-1.0,0.5,0,0,0,1,1,7,acquisition_stochastic,1.3058672324217928,1.3058672324217928,1.3058672324217928,0.0071660320019511,0.5096584673320463,0.9815054581853304,0.5002325674967734,near_normal_unreliable,False,,"0.01633333,1.38462500",phase_qwindow_boundary_sensitive
0.0256666666666666,1.3846250000000002,normal,0,0.0,0.0094247100696543,0.6458497834766538,0.3701061320754717,0.3751498456745212,0.0,-1.0,0.0,0.0,0.0,0.0,0.0,0.0,0.0,,,0.0,0.0,8.295653874945685e-08,2,0,0,False,0,0,-1.0,0.5,0,0,0,1,1,3,acquisition_stochastic,0.8188329366034562,0.8188329366034562,0.8188329366034562,0.05797600805238,0.6245896541973608,0.7794895347786508,0.4868610989778591,near_normal_unreliable,False,,"0.02566667,1.38462500",phase_qwindow_boundary_sensitive
0.028,1.3846250000000002,normal,0,0.0,0.0102779619813287,0.6458452136844112,0.3701061320754717,0.3744914620152448,0.0,-1.0,0.0,0.0,0.0,0.0,0.0,0.0,0.0,,,0.0,0.0,7.596485906979923e-08,2,0,0,False,0,0,-1.0,0.5,0,0,0,1,1,4,acquisition_stochastic,0.6775148407927576,0.6775148407927576,0.6775148407927576,0.0615836351231549,0.598369944650008,0.6360554615543113,0.3805964713245885,near_normal_unreliable,False,,"0.02800000,1.38462500",phase_qwindow_boundary_sensitive
0.0,1.378,normal,0,2.0,0.0125652397556927,0.6416937551776764,0.3674153356222562,0.3823019005133632,0.0,-1.0,0.0,0.0,0.0,0.0,0.0,0.0,0.0,,,0.0,0.0,1.0537883543548789e-07,2,0,0,False,0,0,-1.0,0.5,0,0,0,1,1,5,acquisition_stochastic,0.6168473037850032,0.6168473037850032,0.6168473037850032,0.0033173360563319,0.4049693540999467,0.5726273781025262,0.231896539450126,near_normal_unreliable,False,,"0.00000000,1.37800000",phase_qwindow_boundary_sensitive
0.0023333333333333,1.378,normal,0,2.0,0.012590464167184,0.6416888852349149,0.3672364094663228,0.3811551483377647,0.0,-1.0,0.0,0.0,0.0,0.0,0.0,0.0,0.0,,,0.0,0.0,1.0613816359139605e-07,2,0,0,False,0,0,-1.0,0.5,0,0,0,1,1,2,acquisition_stochastic,0.9372671489460624,0.9372671489460624,0.9372671489460624,0.0033726697185606,0.5314089529913079,0.7593260311291444,0.4035126511813839,near_normal_unreliable,False,,"0.00233333,1.37800000",phase_qwindow_boundary_sensitive
0.0046666666666666,1.378,normal,0,2.0,0.0103168044767656,0.6417110702304035,0.3671046911267146,0.3800506193849177,0.0,-1.0,0.0,0.0,0.0,0.0,0.0,0.0,0.0,,,0.0,0.0,1.0926508653419377e-07,2,0,0,False,0,0,-1.0,0.5,0,0,0,1,1,17,acquisition_stochastic,1.2992956941326823,1.2992956941326823,1.2992956941326823,0.6308789719229011,0.6140603795024645,0.8968206471861988,0.550702026956803,near_normal_unreliable,False,,"0.00466667,1.37800000",phase_qwindow_boundary_sensitive
0.007,1.378,normal,0,0.0,0.0094379734848482,0.6417603073583582,0.367020231430076,0.3789886828225323,0.0,-1.0,0.0,0.0,0.0,0.0,0.0,0.0,0.0,,,0.0,0.0,1.132288232064127e-07,2,0,0,False,0,0,-1.0,0.5,0,0,0,1,1,18,acquisition_stochastic,1.3627946958845556,1.3627946958845556,1.3627946958845556,0.5288469499586201,0.4931437178602663,0.989887254137886,0.4881566807680474,near_normal_unreliable,False,,"0.00700000,1.37800000",phase_qwindow_boundary_sensitive
0.014,1.378,normal,0,0.0,0.0076364449279552,0.6420702522055987,0.3669811320754716,0.3760619633504385,0.0,-1.0,0.0,0.0,0.0,0.0,0.0,0.0,0.0,,,0.0,0.0,1.0804889938320629e-07,2,0,0,False,0,0,-1.0,0.5,0,0,0,1,1,15,acquisition_stochastic,0.8897545481198629,0.8897545481198629,0.8897545481198629,0.4555990834771953,0.5067129401851108,0.8996845341934288,0.4558817955602241,near_normal_unreliable,False,,"0.01400000,1.37800000",phase_qwindow_boundary_sensitive
0.0233333333333333,1.378,normal,0,0.0,0.007516724326447,0.6427202208010594,0.3669811320754716,0.372776451534521,0.0,-1.0,0.0,0.0,0.0,0.0,0.0,0.0,0.0,,,0.0,0.0,7.006909719109444e-08,2,0,0,False,0,0,-1.0,0.5,0,0,0,1,1,14,acquisition_stochastic,1.0597811120612133,1.0597811120612133,1.0597811120612133,0.4967971712117853,0.5129170089371472,0.9185127053474405,0.4711207894975763,near_normal_unreliable,False,,"0.02333333,1.37800000",clean_high_JA_boundary_control;phase_qwindow_boundary_sensitive
0.0256666666666666,1.378,normal,0,0.0,0.0062998246090961,0.6427248128120933,0.3669811320754716,0.3720672103385963,0.0,-1.0,0.0,0.0,0.0,0.0,0.0,0.0,0.0,,,0.0,0.0,6.248972539424359e-08,2,0,0,False,0,0,-1.0,0.5,0,0,0,1,1,19,acquisition_stochastic,0.7116126388966363,0.7116126388966363,0.7116126388966363,0.0051162703876877,0.5999592276779948,0.6745840537423993,0.4047229278871808,near_normal_unreliable,False,,"0.02566667,1.37800000",phase_qwindow_boundary_sensitive
0.028,1.378,normal,0,0.0,0.007516590496892,0.6427202208010594,0.3669811320754716,0.3714033621574308,0.0,-1.0,0.0,0.0,0.0,0.0,0.0,0.0,0.0,,,0.0,0.0,5.6250760938070243e-08,2,0,0,False,0,0,-1.0,0.5,0,0,0,1,1,7,acquisition_stochastic,0.6541753895842206,0.6541753895842206,0.6541753895842206,0.0057444238730047,0.548400281974152,0.6563143812570059,0.3599229917450331,near_normal_unreliable,False,,"0.02800000,1.37800000",phase_qwindow_boundary_sensitive
0.0,1.3713750000000002,normal,0,2.0,0.0094403385177112,0.6385687857889923,0.3642940603412902,0.3793031461583964,0.0,-1.0,0.0,0.0,0.0,0.0,0.0,0.0,0.0,,,0.0,0.0,8.997872602556357e-08,2,0,0,False,0,0,-1.0,0.5,0,0,0,1,1,2,acquisition_stochastic,0.8370624865523155,0.8370624865523155,0.8370624865523155,0.318635983209114,0.5063879906108257,0.6181928484986465,0.3130454343612122,near_normal_unreliable,False,,"0.00000000,1.37137500",phase_qwindow_boundary_sensitive
0.007,1.3713750000000002,normal,0,2.0,0.0063129734848484,0.6386356636226125,0.3638955672009691,0.3759635025598714,0.0,-1.0,0.0,0.0,0.0,0.0,0.0,0.0,0.0,,,0.0,0.0,1.0105990755349127e-07,2,0,0,False,0,0,-1.0,0.5,0,0,0,1,1,11,acquisition_stochastic,0.7135874806669017,0.7135874806669017,0.7135874806669017,0.3899535455957933,0.4501650094922605,0.615624915315562,0.277132795846702,near_normal_unreliable,False,,"0.00700000,1.37137500",phase_qwindow_boundary_sensitive
0.014,1.3713750000000002,normal,0,2.0,0.0053262559152931,0.6389471241952351,0.3638561320754718,0.3730130477992895,0.0,-1.0,0.0,0.0,0.0,0.0,0.0,0.0,0.0,,,0.0,0.0,8.797406292337939e-08,2,0,0,False,0,0,-1.0,0.5,0,0,0,1,1,12,acquisition_stochastic,1.192960366417967,1.192960366417967,1.192960366417967,0.1799936317234705,0.5003059462104105,0.9615819844597684,0.4810851845940287,near_normal_unreliable,False,,"0.01400000,1.37137500",phase_qwindow_boundary_sensitive
0.0163333333333333,1.3713750000000002,normal,0,2.0,0.003229649209998,0.6391052423902456,0.3638561320754718,0.3721176845167431,0.0,-1.0,0.0,0.0,0.0,0.0,0.0,0.0,0.0,,,0.0,0.0,7.673229185378716e-08,2,0,0,False,0,0,-1.0,0.5,0,0,0,1,1,19,acquisition_stochastic,1.637111009179448,1.637111009179448,1.637111009179448,0.6749093985493974,0.5537636746043069,0.9992862285573308,0.5533684139073868,near_normal_unreliable,False,,"0.01633333,1.37137500",phase_qwindow_boundary_sensitive
0.021,1.3713750000000002,normal,0,0.0,0.0031764049880178,0.6395028101455286,0.3638561320754718,0.3704610808167891,0.0,-1.0,0.0,0.0,0.0,0.0,0.0,0.0,0.0,,,0.0,0.0,5.57296810921315e-08,2,0,0,False,0,0,-1.0,0.5,0,0,0,1,1,6,acquisition_stochastic,1.3237161648877696,1.3237161648877696,1.3237161648877696,0.3635354965357228,0.4796385057562775,0.985992226595181,0.4729198382514176,near_normal_unreliable,False,,"0.02100000,1.37137500",phase_qwindow_boundary_sensitive
0.0233333333333333,1.3713750000000002,normal,0,0.0,0.0051853140938849,0.6395952279872503,0.3638561320754718,0.3697004413957299,0.0,-1.0,0.0,0.0,0.0,0.0,0.0,0.0,0.0,,,0.0,0.0,4.74592325439005e-08,2,0,0,False,0,0,-1.0,0.5,0,0,0,1,1,8,acquisition_stochastic,0.823218574324922,0.823218574324922,0.823218574324922,0.3584405546367794,0.5237472441292215,0.8859735713604949,0.4640262163713833,near_normal_unreliable,False,,"0.02333333,1.37137500",phase_qwindow_boundary_sensitive
0.028,1.3713750000000002,normal,0,0.0,0.005185847366275,0.6395952279872503,0.3638561320754718,0.3683158847665576,0.0,-1.0,0.0,0.0,0.0,0.0,0.0,0.0,0.0,,,0.0,0.0,3.5819791799340805e-08,2,0,0,False,0,0,-1.0,0.5,0,0,0,1,1,17,acquisition_stochastic,0.8371180527656749,0.8371180527656749,0.8371180527656749,0.0058155436376564,0.6342893527285184,0.689496433102181,0.4373402462610046,near_normal_unreliable,False,,"0.02800000,1.37137500",phase_qwindow_boundary_sensitive
0.0303333333333333,1.3713750000000002,normal,0,0.0,0.0052389018435924,0.6395998424341899,0.3638561320754718,0.3676924823902343,0.0,-1.0,0.0,0.0,0.0,0.0,0.0,0.0,0.0,,,0.0,0.0,3.2121954873787224e-08,2,0,0,False,0,0,-1.0,0.5,0,0,0,1,1,13,acquisition_stochastic,0.6819849897954191,0.6819849897954191,0.6819849897954191,0.0350874888599174,0.5699394795461081,0.6470497808720347,0.3687792153506307,near_normal_unreliable,False,,"0.03033333,1.37137500",phase_qwindow_boundary_sensitive
0.0326666666666666,1.3713750000000002,normal,0,0.0,0.0031756859756098,0.6395952279872503,0.3638561320754718,0.3671153149399186,0.0,-1.0,0.0,0.0,0.0,0.0,0.0,0.0,0.0,,,0.0,0.0,2.9561588510418343e-08,2,0,0,False,0,0,-1.0,0.5,0,0,0,1,1,10,acquisition_stochastic,0.7025794838923651,0.7025794838923651,0.7025794838923651,0.0008763248889139,0.571761907793862,0.5873958455183701,0.3358505692637719,near_normal_unreliable,False,,"0.03266667,1.37137500",phase_qwindow_boundary_sensitive
0.035,1.3713750000000002,normal,0,0.0,0.0052389018435925,0.6396177570303276,0.3638561320754718,0.3665846007987797,0.0,-1.0,0.0,0.0,0.0,0.0,0.0,0.0,0.0,,,0.0,0.0,2.7942494540411644e-08,2,0,0,False,0,0,-1.0,0.5,0,0,0,1,1,2,acquisition_stochastic,0.7722921174661406,0.7722921174661406,0.7722921174661406,0.5526543720873703,0.6991250601108071,0.6356420980137695,0.4443933199828361,near_normal_unreliable,False,,"0.03500000,1.37137500",phase_qwindow_boundary_sensitive
0.0,1.36475,normal,0,2.0,0.0063155350161263,0.6354438167013884,0.3611728494771884,0.3763064462445283,0.0,-1.0,0.0,0.0,0.0,0.0,0.0,0.0,0.0,,,0.0,0.0,7.705882731912085e-08,2,0,0,False,0,0,-1.0,0.5,0,0,0,1,1,10,acquisition_stochastic,0.7119218181239131,0.7119218181239131,0.7119218181239131,0.0008818186724691,0.4021036058169719,0.2260526960168874,0.0908966041730382,near_normal_unreliable,False,,"0.00000000,1.36475000",phase_qwindow_boundary_sensitive
0.0023333333333333,1.36475,normal,0,2.0,0.0075183457269849,0.6354388988596997,0.3609908292280752,0.3751413672916385,0.0,-1.0,0.0,0.0,0.0,0.0,0.0,0.0,0.0,,,0.0,0.0,7.925761646987439e-08,2,0,0,False,0,0,-1.0,0.5,0,0,0,1,1,5,acquisition_stochastic,0.5309891299351999,0.5309891299351999,0.5309891299351999,0.0511501164185849,0.3937537759737944,0.4344440824766055,0.171063997924634,near_normal_unreliable,False,,"0.00233333,1.36475000",phase_qwindow_boundary_sensitive
0.0163333333333333,1.36475,normal,0,2.0,0.0001248797707386,0.6359829092441828,0.3607311320754716,0.3690626449935438,0.0,-1.0,0.0,0.0,0.0,0.0,0.0,0.0,0.0,,,0.0,0.0,5.077159159760925e-08,2,0,0,False,0,0,-1.0,0.5,0,0,0,1,1,11,acquisition_stochastic,0.8278328771047856,0.8278328771047856,0.8278328771047856,0.0027134903948275,0.4892369443538807,0.8572706821084622,0.4194084889989111,near_normal_unreliable,False,,"0.01633333,1.36475000",phase_qwindow_boundary_sensitive
0.0186666666666666,1.36475,normal,0,2.0,0.0040987131058183,0.6361690548951984,0.3607311320754716,0.3682048281234781,0.0,-1.0,0.0,0.0,0.0,0.0,0.0,0.0,0.0,,,0.0,0.0,3.95645398665323e-08,2,0,0,False,0,0,-1.0,0.5,0,0,0,1,1,17,acquisition_stochastic,1.6161541254583005,1.6161541254583005,1.6161541254583005,0.1486675222834006,0.6114826998897004,0.9833301690481534,0.6012893866525604,near_normal_unreliable,False,,"0.01866667,1.36475000",phase_qwindow_boundary_sensitive
0.021,1.36475,normal,0,0.0,8.447662601611775e-05,0.6363824276203953,0.3607311320754716,0.3673922661127637,0.0,-1.0,0.0,0.0,0.0,0.0,0.0,0.0,0.0,,,0.0,0.0,3.047643293285773e-08,2,0,0,False,0,0,-1.0,0.5,0,0,0,1,1,2,acquisition_stochastic,1.7231925311732608,1.7231925311732608,1.7231925311732608,0.0543915616316319,0.6317026158590227,0.9977215326841212,0.6302633020954328,near_normal_unreliable,False,,"0.02100000,1.36475000",phase_qwindow_boundary_sensitive
0.0256666666666666,1.36475,normal,0,0.0,8.246527777779274e-05,0.6364748723471653,0.3607311320754716,0.3659040958478081,0.0,-1.0,0.0,0.0,0.0,0.0,0.0,0.0,0.0,,,0.0,0.0,1.8506307375432133e-08,2,0,0,False,0,0,-1.0,0.5,0,0,0,1,1,12,acquisition_stochastic,1.187664597754344,1.187664597754344,1.187664597754344,0.6325619858069123,0.5375920628629065,0.9656103911949988,0.5191044821243774,near_normal_unreliable,False,,"0.02566667,1.36475000",phase_qwindow_boundary_sensitive
0.0326666666666666,1.36475,normal,0,0.0,5.068597560972508e-05,0.6364702352440077,0.3607311320754716,0.3640182952311104,0.0,-1.0,0.0,0.0,0.0,0.0,0.0,0.0,0.0,,,0.0,0.0,1.1934342847297332e-08,2,0,0,False,0,0,-1.0,0.5,0,0,0,1,1,11,acquisition_stochastic,0.7518283474695033,0.7518283474695033,0.7518283474695033,0.036978659483561,0.5530272859046756,0.7293361310325864,0.4033427810571681,near_normal_unreliable,False,,"0.03266667,1.36475000",clean_high_JA_boundary_control;phase_qwindow_boundary_sensitive
0.035,1.36475,normal,0,0.0,0.0041669749434374,0.6364928748980675,0.3607311320754716,0.3634830592232999,0.0,-1.0,0.0,0.0,0.0,0.0,0.0,0.0,0.0,,,0.0,0.0,1.1706898117580522e-08,2,0,0,False,0,0,-1.0,0.5,0,0,0,1,1,18,acquisition_stochastic,0.5938059259556467,0.5938059259556467,0.5938059259556467,0.026992674144841,0.5620772615383984,0.5233089517821685,0.2941400625562511,near_normal_unreliable,False,,"0.03500000,1.36475000",phase_qwindow_boundary_sensitive
0.0373333333333333,1.36475,normal,0,0.0,0.0052404778677353,0.6364703266225433,0.3607311320754716,0.3629948644869734,0.0,-1.0,0.0,0.0,0.0,0.0,0.0,0.0,0.0,,,0.0,0.0,1.2127978399334438e-08,2,0,0,False,0,0,-1.0,0.5,0,0,0,1,1,13,acquisition_stochastic,0.5584764824973049,0.5584764824973049,0.5584764824973049,0.0019368306884739,0.5648699809224824,0.494669191192559,0.2794237765918806,near_normal_unreliable,False,,"0.03733333,1.36475000",phase_qwindow_boundary_sensitive
0.042,1.36475,normal,0,0.0,0.0031853589282426,0.6364748723471653,0.3607311320754716,0.3621603414425128,0.0,-1.0,0.0,0.0,0.0,0.0,0.0,0.0,0.0,,,0.0,0.0,1.4375558077261983e-08,2,0,0,False,0,0,-1.0,0.5,0,0,0,1,1,18,acquisition_stochastic,0.4209249525491578,0.4209249525491578,0.4209249525491578,0.0034530095842117,0.5719431178496784,0.2836012196272827,0.1622037657795994,near_normal_unreliable,False,,"0.04200000,1.36475000",clean_high_JA_boundary_control;phase_qwindow_boundary_sensitive
0.0443333333333333,1.36475,normal,0,0.0,0.0051814959606877,0.6364702352440077,0.3607311320754716,0.3618143403487643,0.0,-1.0,0.0,0.0,0.0,0.0,0.0,0.0,0.0,,,0.0,0.0,1.6001264091514145e-08,2,0,0,False,0,0,-1.0,0.5,0,0,0,1,1,17,acquisition_stochastic,0.4169259295250547,0.4169259295250547,0.4169259295250547,0.001342051932914,0.6386749753971878,0.2641419351473578,0.1687008439316043,near_normal_unreliable,False,,"0.04433333,1.36475000",phase_qwindow_boundary_sensitive
0.0466666666666666,1.36475,normal,0,0.0,0.007567434083252,0.6364748723471653,0.3607311320754716,0.3615160343228052,0.0,-1.0,0.0,0.0,0.0,0.0,0.0,0.0,0.0,,,0.0,0.0,1.7863220014291414e-08,2,0,0,False,0,0,-1.0,0.5,0,0,0,1,1,1,acquisition_stochastic,0.883445235628649,0.883445235628649,0.883445235628649,0.0310904199855857,0.8027495336846727,0.5992222797146696,0.4810254056144175,near_normal_unreliable,False,,"0.04666667,1.36475000",phase_qwindow_boundary_sensitive
0.0,1.3581250000000002,normal,0,2.0,0.0031911163800239,0.6323188479193294,0.3580517047145568,0.3733118502468338,0.0,-1.0,0.0,0.0,0.0,0.0,0.0,0.0,0.0,,,0.0,0.0,5.8838057093169034e-08,2,0,0,False,0,0,-1.0,0.5,0,0,0,1,1,13,acquisition_stochastic,0.4933655479497097,0.4933655479497097,0.4933655479497097,0.0595333420641273,0.402807660042299,0.1275150467604491,0.0513640376057608,near_normal_unreliable,False,,"0.00000000,1.35812500",phase_qwindow_boundary_sensitive
0.0023333333333333,1.3581250000000002,normal,0,2.0,0.0051790697698922,0.6323139057730962,0.3578680969803005,0.3721373960017569,0.0,-1.0,0.0,0.0,0.0,0.0,0.0,0.0,0.0,,,0.0,0.0,6.369517380200307e-08,2,0,0,False,0,0,-1.0,0.5,0,0,0,1,1,14,acquisition_stochastic,0.5826820860127424,0.5826820860127424,0.5826820860127424,0.1085844141968691,0.4039457255579273,0.1751232402944448,0.0707402843627947,near_normal_unreliable,False,,"0.00233333,1.35812500",clean_high_JA_boundary_control;phase_qwindow_boundary_sensitive
0.007,1.3581250000000002,normal,0,2.0,6.297348484843678e-05,0.6323863867136094,0.3576462563449695,0.3699181208134349,0.0,-1.0,0.0,0.0,0.0,0.0,0.0,0.0,0.0,,,0.0,0.0,6.970696775354669e-08,2,0,0,False,0,0,-1.0,0.5,0,0,0,1,1,3,acquisition_stochastic,0.6494430232519907,0.6494430232519907,0.6494430232519907,0.092413018928122,0.4973652992425726,0.539112198264012,0.2681356998149015,near_normal_unreliable,False,,"0.00700000,1.35812500",phase_qwindow_boundary_sensitive
0.014,1.3581250000000002,normal,0,2.0,0.0001387553008207,0.6327009236340353,0.3576061320754718,0.3669190573921878,0.0,-1.0,0.0,0.0,0.0,0.0,0.0,0.0,0.0,,,0.0,0.0,3.3946081723357224e-08,2,0,0,False,0,0,-1.0,0.5,0,0,0,1,1,4,acquisition_stochastic,0.8880765419624471,0.8880765419624471,0.8880765419624471,0.5564367777771194,0.5165212058844078,0.8625416153662029,0.4455210352944361,near_normal_unreliable,False,,"0.01400000,1.35812500",phase_qwindow_boundary_sensitive
0.021,1.3581250000000002,normal,0,2.0,6.758130081285338e-05,0.633262090633908,0.3576061320754718,0.3643244066062555,0.0,-1.0,0.0,0.0,0.0,0.0,0.0,0.0,0.0,,,0.0,0.0,3.730111330924046e-09,3,1,1,False,1,0,-1.0,0.5,0,0,0,0,1,13,acquisition_stochastic,0.91493919227322,0.91493919227322,0.91493919227322,0.4685030536552899,0.5311248003643142,0.8779070033644141,0.4662781819003577,delta_ambiguous,False,,"0.02100000,1.35812500",near_zero_delta_refinement;phase_qwindow_boundary_sensitive
0.0233333333333333,1.3581250000000002,FFLO,2,0.0,0.0040990853658537,0.6333452425723768,0.3576061320754718,0.3635509279554298,0.0616541353383458,-1.0743987975951903,-0.0188860181968559,0.0031329787002241,-0.0032535956598032,0.0063865743600274,0.0031329787002241,0.0032535956598032,0.0031329787002241,,,-0.0001562654225644,-0.0001562654225644,,0,0,0,False,0,0,-1.375,0.5,0,1,0,1,1,9,acquisition_stochastic,1.6555317909475504,1.6555317909475504,1.6555317909475504,0.0174623864019872,0.5351435637457401,0.9988984430189743,0.5345540726172451,clean,False,,"0.02333333,1.35812500",phase_qwindow_boundary_sensitive
0.0256666666666666,1.3581250000000002,FFLO,2,0.0,0.003076228328712,0.6333499025553257,0.3576061320754718,0.3628236533189786,0.0616541353383458,-1.0743987975951903,-0.0194241724855885,0.0028305958349764,-0.0029427380685351,0.0057733339035115,0.0028305958349764,0.0029427380685351,0.0028305958349764,,,-0.0001446222745244,-0.0001446222745244,,0,0,0,False,0,0,-1.375,0.5,0,1,0,1,1,16,acquisition_stochastic,1.4460682207102795,1.4460682207102795,1.4460682207102795,0.0105252025919933,0.5479601263175045,0.9878500635022676,0.5413024455794574,clean,False,,"0.02566667,1.35812500",phase_qwindow_boundary_sensitive
0.028,1.3581250000000002,FFLO,2,0.0,0.0051258680555555,0.6333452425723768,0.3576061320754718,0.3621428610651171,0.0631578947368421,-1.0743987975951903,-0.0219969299721085,0.002532932204183,-0.0026468719944087,0.0051798041985917,0.002532932204183,0.0026468719944087,0.002532932204183,,,-0.0001314041906941,-0.0001314041906941,,0,0,0,False,0,0,-1.375,0.5,0,1,0,1,1,4,acquisition_stochastic,1.0347997969308564,1.0347997969308564,1.0347997969308564,0.0031528257125922,0.5790388118867364,0.936748542992836,0.5424137633712032,clean,False,,"0.02800000,1.35812500",phase_qwindow_boundary_sensitive
0.0326666666666666,1.3581250000000002,FFLO,2,0.0,0.0030743140243901,0.6333452425723768,0.3576061320754718,0.360921757881805,0.0616541353383458,-1.0743987975951903,-0.0192871565340122,0.0019636323453013,-0.0020408677657842,0.0040045001110855,0.0019636323453013,0.0020408677657842,0.0019636323453013,,,-0.00010201490317,-0.00010201490317,,0,0,0,False,0,0,-1.375,0.5,0,1,0,1,1,6,acquisition_stochastic,0.7562941047524545,0.7562941047524545,0.7562941047524545,0.0150475378890486,0.5337568205927635,0.757221619800172,0.4041722042686422,clean,False,,"0.03266667,1.35812500",phase_qwindow_boundary_sensitive
0.0396666666666666,1.3581250000000002,normal,0,0.0,5.32852564102802e-05,0.6333497202684018,0.3576061320754718,0.3594447484902988,0.0,-1.0,0.0,0.0,0.0,0.0,0.0,0.0,0.0,,,0.0,0.0,8.354761327211689e-11,3,1,1,False,1,0,-1.0,0.5,0,0,0,0,1,8,acquisition_stochastic,0.485925381218584,0.485925381218584,0.485925381218584,0.0060177198384669,0.5550739453658112,0.3978499893984331,0.2208361632791344,delta_ambiguous,False,,"0.03966667,1.35812500",near_zero_delta_refinement;phase_qwindow_boundary_sensitive
0.042,1.3581250000000002,normal,0,0.0,9.895833333326793e-05,0.6333499025553257,0.3576061320754718,0.3590477808917441,0.0,-1.0,0.0,0.0,0.0,0.0,0.0,0.0,0.0,,,0.0,0.0,2.445770252990087e-09,3,1,1,False,1,0,-1.0,0.5,0,0,0,0,1,15,acquisition_stochastic,0.5016299405711722,0.5016299405711722,0.5016299405711722,0.018962074626575,0.5578021524604259,0.412659109582944,0.2301821395577689,delta_ambiguous,False,,"0.04200000,1.35812500",near_zero_delta_refinement;phase_qwindow_boundary_sensitive
0.0443333333333333,1.3581250000000002,normal,0,0.0,0.0040879312176974,0.6333452425723768,0.3576061320754718,0.3586987774324578,0.0,-1.0,0.0,0.0,0.0,0.0,0.0,0.0,0.0,,,0.0,0.0,4.996154823189158e-09,3,1,1,False,1,0,-1.0,0.5,0,0,0,0,1,14,acquisition_stochastic,0.7105436411756613,0.7105436411756613,0.7105436411756613,0.0434052920613636,0.5134837441345974,0.6059476986153498,0.3111442930347524,delta_ambiguous,False,,"0.04433333,1.35812500",near_zero_delta_refinement;phase_qwindow_boundary_sensitive
0.0,1.3515,normal,0,2.0,0.0001082356770833,0.629193879447367,0.3549306277972195,0.3703194092054083,0.0,-1.0,0.0,0.0,0.0,0.0,0.0,0.0,0.0,,,0.0,0.0,4.1580470400148783e-08,2,0,0,False,0,0,-1.0,0.5,0,0,0,1,1,18,acquisition_stochastic,0.4823262492009085,0.4823262492009085,0.4823262492009085,0.0491131207756469,0.4026403806214262,0.3102812517724064,0.1249317613133343,near_normal_unreliable,False,,"0.00000000,1.35150000",phase_qwindow_boundary_sensitive
0.007,1.3515,FFLO,2,2.0,0.0030620265151517,0.6292617536452494,0.3545216100283589,0.3668980013650541,0.0496240601503759,-1.06312625250501,0.0032797775014362,0.0044544043930386,-0.0044252810006645,0.0088796853937032,0.0044544043930386,0.0044252810006645,0.0044252810006645,,,-0.0001546498706062,-0.0001546498706062,,0,0,0,False,0,0,-1.375,0.5,0,1,0,1,1,13,acquisition_stochastic,0.4652071678640002,0.4652071678640002,0.4652071678640002,0.0015064123826542,0.4298451699481461,0.180698274101419,0.0776722803404611,clean,False,,"0.00700000,1.35150000",phase_qwindow_boundary_sensitive
0.0163333333333333,1.3515,FFLO,2,2.0,0.0052024815779588,0.6297383223218153,0.3544811320754716,0.3629561396073734,0.0586466165413533,-1.06312625250501,-0.0182323660538443,0.0040772939497074,-0.0042287324637301,0.0083060264134375,0.0040772939497074,0.0042287324637301,0.0040772939497074,,,-0.0001817784525888,-0.0001817784525888,,0,0,0,False,0,0,-1.375,0.5,0,1,0,1,1,7,acquisition_stochastic,0.6754311765781843,0.6754311765781843,0.6754311765781843,0.0357182267027042,0.4524060881243069,0.6011595894302281,0.2719682581925439,clean,False,,"0.01633333,1.35150000",phase_qwindow_boundary_sensitive
0.0186666666666666,1.3515,FFLO,2,2.0,0.0052326152706528,0.6299263132750131,0.3544811320754716,0.3620838560368256,0.0601503759398496,-1.06312625250501,-0.0178133408216147,0.0037998568874897,-0.0039376884191597,0.0077375453066495,0.0037998568874897,0.0039376884191597,0.0037998568874897,,,-0.0001785509426215,-0.0001785509426215,,0,0,0,False,0,0,-1.375,0.5,0,1,0,1,1,5,acquisition_stochastic,0.9014134352513752,0.9014134352513752,0.9014134352513752,0.0188894994562607,0.4839317483430443,0.922754571948797,0.4465502332947187,clean,False,,"0.01866667,1.35150000",phase_qwindow_boundary_sensitive
0.0233333333333333,1.3515,FFLO,2,2.0,0.0051238567073172,0.6302202499734221,0.3544811320754716,0.3604774674189531,0.0616541353383458,-1.06312625250501,-0.0210128802069502,0.0032079506990079,-0.0033456609556297,0.0065536116546377,0.0032079506990079,0.0033456609556297,0.0032079506990079,,,-0.0001626755163153,-0.0001626755163153,,0,0,0,False,0,0,-1.375,0.5,0,1,0,1,1,3,acquisition_stochastic,1.3948551016557424,1.3948551016557424,1.3948551016557424,0.789182480642318,0.5927850485425608,0.9852385283326442,0.5840346688436676,clean,False,,"0.02333333,1.35150000",phase_qwindow_boundary_sensitive
0.0256666666666666,1.3515,FFLO,2,2.0,0.0062008717886039,0.6302249330630615,0.3544811320754716,0.3597439793898691,0.0631578947368421,-1.06312625250501,-0.0193934767331213,0.0029211496141019,-0.0030366928941656,0.0059578425082676,0.0029211496141019,0.0030366928941656,0.0029211496141019,,,-0.0001512322979164,-0.0001512322979164,,0,0,0,False,0,0,-1.375,0.5,0,1,0,1,1,18,acquisition_stochastic,1.412205419359139,1.412205419359139,1.412205419359139,0.7149810519197444,0.5124236719202485,0.9942139198847212,0.5094587475015525,clean,False,,"0.02566667,1.35150000",clean_high_JA_boundary_control;phase_qwindow_boundary_sensitive
0.0326666666666666,1.3515,FFLO,2,0.0,0.0061993140243902,0.6302202499734221,0.3544811320754716,0.3578257154146701,0.0631578947368421,-1.06312625250501,-0.0213134070318407,0.0020412366092353,-0.002130142919005,0.0041713795282403,0.0020412366092353,0.002130142919005,0.0020412366092353,,,-0.000108340504626,-0.000108340504626,,0,0,0,False,0,0,-1.375,0.5,0,1,0,1,1,17,acquisition_stochastic,1.584599626927019,1.584599626927019,1.584599626927019,0.7661030077996152,0.6028813205467027,0.9882812287521252,0.5958162922615992,clean,False,,"0.03266667,1.35150000",phase_qwindow_boundary_sensitive
0.0373333333333333,1.3515,FFLO,2,0.0,0.0051765377016977,0.6302203422581717,0.3544811320754716,0.3567845217956811,0.0601503759398496,-1.06312625250501,-0.019691737498785,0.0014988711052009,-0.0015590876258142,0.0030579587310151,0.0014988711052009,0.0015590876258142,0.0014988711052009,,,-7.735102407191441e-05,-7.735102407191441e-05,,0,0,0,False,0,0,-1.375,0.5,0,1,0,1,1,5,acquisition_stochastic,0.5427207345535128,0.5427207345535128,0.5427207345535128,0.0067894153889926,0.5767025851179528,0.5077987115565348,0.2928488296742192,clean,False,,"0.03733333,1.35150000",phase_qwindow_boundary_sensitive
0.0396666666666666,1.3515,FFLO,2,0.0,0.0030717147435898,0.6302247498722678,0.3544811320754716,0.3563358731825669,0.0586466165413533,-1.06312625250501,-0.0184015093802598,0.0012430537309157,-0.0012896594767644,0.0025327132076801,0.0012430537309157,0.0012896594767644,0.0012430537309157,,,-6.237611364823259e-05,-6.237611364823259e-05,,0,0,0,False,0,0,-1.375,0.5,0,1,0,1,1,10,acquisition_stochastic,0.8332758790299511,0.8332758790299511,0.8332758790299511,0.4202742078468976,0.566846769804877,0.7296398387548965,0.4135939857191644,clean,False,,"0.03966667,1.35150000",phase_qwindow_boundary_sensitive
0.0443333333333333,1.3515,FFLO,2,0.0,0.0051093750000001,0.6302202499734221,0.3544811320754716,0.355583380138988,0.0526315789473684,-1.06312625250501,-0.0201214179111448,0.0007699243578341,-0.0008015445402672,0.0015714688981013,0.0007699243578341,0.0008015445402672,0.0007699243578341,,,-3.529420864367694e-05,-3.529420864367694e-05,,0,0,0,False,0,0,-1.375,0.5,0,1,0,1,1,11,acquisition_stochastic,0.6498775339831951,0.6498775339831951,0.6498775339831951,0.0006844106154255,0.5761448389675129,0.52461056780692,0.3022516711097734,clean,False,,"0.04433333,1.35150000",phase_qwindow_boundary_sensitive
0.049,1.3515,normal,0,0.0,6.70362903225599e-05,0.6302202499734221,0.3544811320754716,0.3550249495940288,0.0,-1.0,0.0,0.0,0.0,0.0,0.0,0.0,0.0,,,0.0,0.0,1.928992965360976e-09,3,1,1,False,1,0,-1.0,0.5,0,0,0,0,1,17,acquisition_stochastic,0.5549750802417335,0.5549750802417335,0.5549750802417335,0.0831848901980926,0.6210848394863284,0.419219101205223,0.2603706281816488,delta_ambiguous,False,,"0.04900000,1.35150000",near_zero_delta_refinement;phase_qwindow_boundary_sensitive
0.056,1.3515,normal,0,0.0,0.0102008688695837,0.6302249330630615,0.3546430161667862,0.3545530896856932,0.0,-1.0,0.0,0.0,0.0,0.0,0.0,0.0,0.0,,,0.0,0.0,1.2192479470485296e-08,2,0,0,False,0,0,-1.0,0.5,0,0,0,1,1,14,acquisition_stochastic,0.4967572740481032,0.4967572740481032,0.4967572740481032,0.0051059586703524,0.5146868200308549,0.3601205721375707,0.1853493121011783,near_normal_unreliable,False,,"0.05600000,1.35150000",phase_qwindow_boundary_sensitive
0.0,1.344875,FFLO,2,2.0,0.0030612834192101,0.6260689112901453,0.3518096205308444,0.3673291757862027,0.0481203007518796,-1.0518537074148298,0.0262492081082639,0.0005643572072305,-0.0005354871634576,0.0010998443706882,0.0005643572072305,0.0005354871634576,0.0005354871634576,,,-0.000132135081831,-0.000132135081831,,0,0,0,False,0,0,-1.375,0.5,0,1,0,1,1,10,acquisition_stochastic,0.5897360510699804,0.5897360510699804,0.5897360510699804,0.0159834320332275,0.3434427341772468,0.0682656094281175,0.0234453275522687,clean,True,,"0.00000000,1.34487500",phase_qwindow_boundary_sensitive
0.0023333333333333,1.344875,FFLO,2,2.0,0.0051000976562499,0.6260639198069379,0.3516227533669548,0.3661355313979033,0.0481203007518796,-1.0518537074148298,-0.4677130028149184,0.0005432175033854,-0.0014978524692351,0.0020410699726205,0.0005432175033854,0.0014978524692351,0.0005432175033854,,,-0.0001350227758443,-0.0001350227758443,,0,0,0,False,0,0,-1.375,0.5,0,1,0,1,1,1,acquisition_stochastic,1.000540644769241,1.000540644769241,1.000540644769241,0.1685201824407156,0.5130168322236406,0.8341337953811974,0.4279246773571443,clean,False,,"0.00233333,1.34487500",phase_qwindow_boundary_sensitive
0.007,1.344875,FFLO,2,2.0,0.0061870265151516,0.6261371242393271,0.3513969700020593,0.3638796531206432,0.0496240601503759,-1.0518537074148298,-0.0094802297771161,0.0043763570462304,-0.00446012896403,0.0088364860102604,0.0043763570462304,0.00446012896403,0.0043763570462304,,,-0.0001589085352424,-0.0001589085352424,,0,0,0,False,0,0,-1.375,0.5,0,1,0,1,1,10,acquisition_stochastic,0.6087457262223394,0.6087457262223394,0.6087457262223394,0.0522733728648573,0.3942955616399285,0.1507406192221311,0.0594363571181408,clean,False,,"0.00700000,1.34487500",phase_qwindow_boundary_sensitive
0.0093333333333333,1.344875,FFLO,2,2.0,0.00745924984233,0.6262153104303353,0.3513581488746154,0.3628182362976264,0.0511278195488721,-1.0518537074148298,-0.010951503586798,0.0045041996611405,-0.0046039475681916,0.0091081472293322,0.0045041996611405,0.0046039475681916,0.0045041996611405,,,-0.0001720735037293,-0.0001720735037293,,0,0,0,False,0,0,-1.375,0.5,0,1,0,1,1,9,acquisition_stochastic,0.6114384903240944,0.6114384903240944,0.6114384903240944,0.2029517188708285,0.3787396473962918,0.3125464889170915,0.1183737470074082,clean,False,,"0.00933333,1.34487500",phase_qwindow_boundary_sensitive
0.0116666666666666,1.344875,FFLO,2,2.0,0.007372809856396,0.626321206655379,0.3513561320754717,0.3618016935384122,0.0541353383458646,-1.0518537074148298,-0.0154090633796566,0.0046314840233407,-0.0047764514980617,0.0094079355214024,0.0046314840233407,0.0047764514980617,0.0046314840233407,,,-0.0001815949753196,-0.0001815949753196,,0,0,0,False,0,0,-1.375,0.5,0,1,0,1,1,7,acquisition_stochastic,0.5150940560271688,0.5150940560271688,0.5150940560271688,0.0006402313863946,0.3984048263412328,0.3084349502566046,0.1228819727945493,clean,False,,"0.01166667,1.34487500",phase_qwindow_boundary_sensitive
0.0163333333333333,1.344875,FFLO,2,2.0,0.0074592974460365,0.6266160693364754,0.3513561320754717,0.3599047343787179,0.0586466165413533,-1.0518537074148298,-0.0189940221948472,0.0041595623384409,-0.00432063540255,0.0084801977409909,0.0041595623384409,0.00432063540255,0.0041595623384409,,,-0.0001875961907198,-0.0001875961907198,,0,0,0,False,0,0,-1.375,0.5,0,1,0,1,1,14,acquisition_stochastic,0.5492344572892078,0.5492344572892078,0.5492344572892078,0.0055532216297378,0.4307445578548905,0.301271075844066,0.1297708763589194,clean,False,,"0.01633333,1.34487500",phase_qwindow_boundary_sensitive
0.0186666666666666,1.344875,FFLO,2,2.0,0.0075073530770244,0.6268049967144886,0.3513561320754717,0.3590250372216748,0.0601503759398496,-1.0518537074148298,-0.0198575204673605,0.003870795977838,-0.004027639318393,0.0078984352962311,0.003870795977838,0.004027639318393,0.003870795977838,,,-0.0001846331412918,-0.0001846331412918,,0,0,0,False,0,0,-1.375,0.5,0,1,0,1,1,12,acquisition_stochastic,0.6710610500046669,0.6710610500046669,0.6710610500046669,0.0002333652293617,0.471149622952087,0.5670924522801697,0.2671853950707764,clean,False,,"0.01866667,1.34487500",phase_qwindow_boundary_sensitive
0.0233333333333333,1.344875,FFLO,2,2.0,0.0074319576969705,0.6270952574482306,0.3513561320754717,0.3574049007306848,0.0631578947368421,-1.0518537074148298,-0.0198870320809993,0.0033030141870253,-0.003437054142115,0.0067400683291404,0.0033030141870253,0.003437054142115,0.0033030141870253,,,-0.000169247976516,-0.000169247976516,,0,0,0,False,0,0,-1.375,0.5,0,1,0,1,1,19,acquisition_stochastic,0.7483349376769686,0.7483349376769686,0.7483349376769686,0.0388399652107395,0.5189830922826939,0.689028424026163,0.3575941021717693,clean,False,,"0.02333333,1.34487500",phase_qwindow_boundary_sensitive
0.028,1.344875,FFLO,2,2.0,0.0101872976661934,0.6270952574482306,0.3513561320754717,0.3559725237563783,0.0646616541353383,-1.0518537074148298,-0.0220796318375727,0.0027030734644264,-0.0028251342556064,0.0055282077200329,0.0027030734644264,0.0028251342556064,0.0027030734644264,,,-0.0001446260818012,-0.0001446260818012,,0,0,0,False,0,0,-1.375,0.5,0,1,0,1,1,15,acquisition_stochastic,1.1748316442114453,1.1748316442114453,1.1748316442114453,0.2228256826179532,0.4963245432961087,0.971481684351534,0.4821702033063096,clean,False,,"0.02800000,1.34487500",phase_qwindow_boundary_sensitive
0.0326666666666666,1.344875,FFLO,2,2.0,0.0093243140243902,0.6270952574482306,0.3513561320754717,0.3547301807875231,0.0631578947368421,-1.0518537074148298,-0.0220500147100055,0.0021253196626389,-0.0022211595941886,0.0043464792568275,0.0021253196626389,0.0022211595941886,0.0021253196626389,,,-0.0001147656048727,-0.0001147656048727,,0,0,0,False,0,0,-1.375,0.5,0,1,0,1,1,16,acquisition_stochastic,1.5598486826234763,1.5598486826234763,1.5598486826234763,0.4820079197188534,0.549414240612524,0.9968268678254544,0.5476708766084829,clean,False,,"0.03266667,1.34487500",phase_qwindow_boundary_sensitive
0.035,1.344875,FFLO,2,0.0,0.0102129301934631,0.6271182355493317,0.3513561320754717,0.3541809089164941,0.0631578947368421,-1.0518537074148298,-0.0225453949163443,0.0018438018648327,-0.0019288579707101,0.0037726598355428,0.0018438018648327,0.0019288579707101,0.0018438018648327,,,-9.903498175978244e-05,-9.903498175978244e-05,,0,0,0,False,0,0,-1.375,0.5,0,1,0,1,1,3,acquisition_stochastic,0.9233394690427772,0.9233394690427772,0.9233394690427772,0.025200491955555,0.63374732569183,0.8801346991075002,0.5577830118079617,clean,False,,"0.03500000,1.34487500",phase_qwindow_boundary_sensitive
0.0373333333333333,1.344875,FFLO,2,0.0,0.0074672876417434,0.6270953501928611,0.3513561320754717,0.3536798743814824,0.0616541353383458,-1.0518537074148298,-0.0187229298446188,0.0015803339224325,-0.001640639991046,0.0032209739134785,0.0015803339224325,0.001640639991046,0.0015803339224325,,,-8.328019285608335e-05,-8.328019285608335e-05,,0,0,0,False,0,0,-1.375,0.5,0,1,0,1,1,12,acquisition_stochastic,1.3031985547064997,1.3031985547064997,1.3031985547064997,0.2935398374051707,0.5527863737501332,0.9786866373355924,0.5410046372904538,clean,False,,"0.03733333,1.34487500",phase_qwindow_boundary_sensitive
0.0396666666666666,1.344875,FFLO,2,0.0,0.0061967147435898,0.6270997797711801,0.3513561320754717,0.3532272824490072,0.0601503759398496,-1.0518537074148298,-0.0209949131870584,0.0013163034275632,-0.0013727600825118,0.002689063510075,0.0013163034275632,0.0013727600825118,0.0013163034275632,,,-6.790163772851798e-05,-6.790163772851798e-05,,0,0,0,False,0,0,-1.375,0.5,0,1,0,1,1,1,acquisition_stochastic,1.0873357027974726,1.0873357027974726,1.0873357027974726,0.1686723296688008,0.7208433620784703,0.8414139050754907,0.6065276282341916,clean,False,,"0.03966667,1.34487500",phase_qwindow_boundary_sensitive
0.049,1.344875,FFLO,2,0.0,0.0030579637096773,0.6270952574482306,0.3513561320754717,0.3519047788589564,0.0466165413533834,-1.0480961923847696,-0.0168889156176798,0.0004336762709556,-0.0004485765646496,0.0008822528356053,0.0004336762709556,0.0004485765646496,0.0004336762709556,,,-1.743652650931793e-05,-1.743652650931793e-05,,0,0,0,False,0,0,-1.375,0.5,0,1,0,1,1,12,acquisition_stochastic,0.6058579366839042,0.6058579366839042,0.6058579366839042,0.0026051652779434,0.5804781619783248,0.5836743893585855,0.3388102367286928,clean,False,,"0.04900000,1.34487500",phase_qwindow_boundary_sensitive
0.056,1.344875,normal,0,0.0,0.0074316620411885,0.6270999638748518,0.3515194553156392,0.3514287295529487,0.0,-1.0,0.0,0.0,0.0,0.0,0.0,0.0,0.0,,,0.0,0.0,6.148272557737755e-09,3,1,1,False,1,0,-1.0,0.5,0,0,0,0,1,18,acquisition_stochastic,0.4333020912934477,0.4333020912934477,0.4333020912934477,0.0015277085312544,0.5753476356152745,0.2789545447443927,0.1604958377628216,delta_ambiguous,False,,"0.05600000,1.34487500",near_zero_delta_refinement;phase_qwindow_boundary_sensitive
0.0,1.3382500000000002,FFLO,2,2.0,0.0061856646678968,0.6229439434524008,0.3486886847857054,0.3643412043446354,0.0496240601503759,-1.036823647294589,0.6412377962794812,0.0008473706524519,-0.0001852288335857,0.0010325994860376,0.0008473706524519,0.0001852288335857,0.0001852288335857,,,-0.0001348201349851,-0.0001348201349851,,0,0,0,False,0,0,-1.375,0.5,0,1,0,1,1,14,acquisition_stochastic,0.5004754992825556,0.5004754992825556,0.5004754992825556,0.0045888539177155,0.3411911960841988,0.0293925836444268,0.0100284907696468,clean,True,,"0.00000000,1.33825000",phase_qwindow_boundary_sensitive
0.0023333333333333,1.3382500000000002,FFLO,2,2.0,0.0074095875265916,0.6229389269294606,0.3485001441676698,0.3631377385394602,0.0496240601503759,-1.036823647294589,0.5837322402277141,0.0008161287128183,-0.0002145110532837,0.0010306397661021,0.0008161287128183,0.0002145110532837,0.0002145110532837,,,-0.0001384747440573,-0.0001384747440573,,0,0,0,False,0,0,-1.375,0.5,0,1,0,1,1,9,acquisition_stochastic,0.477969008658217,0.477969008658217,0.477969008658217,0.0131449336908921,0.2986737660546628,0.1126884736183924,0.0336570908065567,clean,True,,"0.00233333,1.33825000",phase_qwindow_boundary_sensitive
0.0093333333333333,1.3382500000000002,FFLO,2,2.0,0.0102017130389948,0.6230910768237348,0.3482331669731141,0.3597928048052776,0.0526315789473684,-1.0405811623246493,0.0005416853544922,0.0046697842351626,-0.0046647278666657,0.0093345121018284,0.0046697842351626,0.0046647278666657,0.0046647278666657,,,-0.0001766314612934,-0.0001766314612934,,0,0,0,False,0,0,-1.375,0.5,0,1,0,1,1,16,acquisition_stochastic,0.5491133001068857,0.5491133001068857,0.5491133001068857,0.0017634266495743,0.4014864366023845,0.2595786100373415,0.1042172911620922,clean,False,,"0.00933333,1.33825000",phase_qwindow_boundary_sensitive
0.014,1.3382500000000002,FFLO,2,2.0,0.0092598684921462,0.6233317656091026,0.3482311320754718,0.357788164038662,0.0571428571428571,-1.0405811623246493,-0.0171456555307646,0.0045118842241929,-0.0046693016749841,0.009181185899177,0.0045118842241929,0.0046693016749841,0.0045118842241929,,,-0.0001920938781108,-0.0001920938781108,,0,0,0,False,0,0,-1.375,0.5,0,1,0,1,1,15,acquisition_stochastic,0.5083203814897412,0.5083203814897412,0.5083203814897412,0.018698729896375,0.4132005569918496,0.3528275598434242,0.145788544249378,clean,False,,"0.01400000,1.33825000",phase_qwindow_boundary_sensitive
0.021,1.3382500000000002,FFLO,2,2.0,0.0093245589309983,0.6239013597388836,0.3482311320754718,0.3551268067853863,0.0631578947368421,-1.0405811623246493,-0.0202704879620687,0.0036757300192363,-0.0038278308597055,0.0075035608789418,0.0036757300192363,0.0038278308597055,0.0036757300192363,,,-0.0001846562341216,-0.0001846562341216,,0,0,0,False,0,0,-1.375,0.5,0,1,0,1,1,4,acquisition_stochastic,0.889715752764611,0.889715752764611,0.889715752764611,0.0874216990362,0.532009002529306,0.8650275114438302,0.4602024235236399,clean,False,,"0.02100000,1.33825000",phase_qwindow_boundary_sensitive
0.0256666666666666,1.3382500000000002,FFLO,2,2.0,0.0124506956173286,0.6239749949952647,0.3482311320754718,0.3535870176580515,0.0646616541353383,-1.0405811623246493,-0.0203024024478902,0.0030901602565774,-0.0032182358531988,0.0063083961097762,0.0030901602565774,0.0032182358531988,0.0030901602565774,,,-0.0001645096226505,-0.0001645096226505,,0,0,0,False,0,0,-1.375,0.5,0,1,0,1,1,7,acquisition_stochastic,0.7561480129660438,0.7561480129660438,0.7561480129660438,0.4036987858991687,0.4880167678838882,0.7642639578472886,0.372973626518782,clean,False,,"0.02566667,1.33825000",phase_qwindow_boundary_sensitive
0.028,1.3382500000000002,FFLO,2,2.0,0.0131084386540869,0.6239702649979105,0.3482311320754718,0.3528884065381202,0.0646616541353383,-1.0405811623246493,-0.0217098658357403,0.0027926416827929,-0.002916588299739,0.005709229982532,0.0027926416827929,0.002916588299739,0.0027926416827929,,,-0.0001513480031705,-0.0001513480031705,,0,0,0,False,0,0,-1.375,0.5,0,1,0,1,1,11,acquisition_stochastic,0.6991210952978558,0.6991210952978558,0.6991210952978558,0.1465411418783697,0.4939200222394248,0.7282621378452755,0.3597032513206695,clean,False,,"0.02800000,1.33825000",phase_qwindow_boundary_sensitive
0.0303333333333333,1.3382500000000002,FFLO,2,0.0,0.0131280817634941,0.6239749949952647,0.3482311320754718,0.3522377011393503,0.0646616541353383,-1.0405811623246493,-0.0219843188248232,0.0025018403170839,-0.0026143155181226,0.0051161558352066,0.0025018403170839,0.0026143155181226,0.0025018403170839,,,-0.0001368067709008,-0.0001368067709008,,0,0,0,False,0,0,-1.375,0.5,0,1,0,1,1,5,acquisition_stochastic,1.3253938828741514,1.3253938828741514,1.3253938828741514,0.2348609519656709,0.5248468720990629,0.9877823916973192,0.5184344985968693,clean,False,,"0.03033333,1.33825000",phase_qwindow_boundary_sensitive
0.0326666666666666,1.3382500000000002,FFLO,2,2.0,0.0124493140243901,0.6239702649979105,0.3482311320754718,0.3516351674123013,0.0646616541353383,-1.0405811623246493,-0.021288134165382,0.0022081026368734,-0.0023041602955687,0.0045122629324422,0.0022081026368734,0.0023041602955687,0.0022081026368734,,,-0.0001213563711057,-0.0001213563711057,,0,0,0,False,0,0,-1.375,0.5,0,1,0,1,1,8,acquisition_stochastic,1.531573356772881,1.531573356772881,1.531573356772881,0.1828128264146703,0.5095304922940176,0.9999616705876428,0.5095109622896699,clean,False,,"0.03266667,1.33825000",phase_qwindow_boundary_sensitive
0.035,1.3382500000000002,FFLO,2,0.0,0.0125035519035712,0.623993358174594,0.3482311320754718,0.3510810533771969,0.0646616541353383,-1.0405811623246493,-0.0212669731530678,0.0019309011014934,-0.0020148145298957,0.0039457156313891,0.0019309011014934,0.0020148145298957,0.0019309011014934,,,-0.0001053509318451,-0.0001053509318451,,0,0,0,False,0,0,-1.375,0.5,0,1,0,1,1,7,acquisition_stochastic,1.5307224173889549,1.5307224173889549,1.5307224173889549,0.1582778304164842,0.5327843365121938,0.9997175100634392,0.5326338302987719,clean,False,,"0.03500000,1.33825000",phase_qwindow_boundary_sensitive
0.0373333333333333,1.3382500000000002,FFLO,2,2.0,0.0102105571283828,0.6239703582070283,0.3482311320754718,0.3505755886282294,0.0631578947368421,-1.036823647294589,-0.020792969390681,0.0016570083535574,-0.0017273798335378,0.0033843881870952,0.0016570083535574,0.0017273798335378,0.0016570083535574,,,-8.935077700478189e-05,-8.935077700478189e-05,,0,0,0,False,0,0,-1.375,0.5,0,1,0,1,1,16,acquisition_stochastic,1.4955525657379716,1.4955525657379716,1.4955525657379716,0.0143802842674474,0.5565732949416368,0.9918991044391908,0.5520645528073791,clean,False,,"0.03733333,1.33825000",phase_qwindow_boundary_sensitive
0.0396666666666666,1.3382500000000002,FFLO,2,0.0,0.0093217147435897,0.6239748099695713,0.3482311320754718,0.3501189838695397,0.0616541353383458,-1.036823647294589,-0.0193972737910963,0.0014006669403522,-0.0014560800437549,0.0028567469841071,0.0014006669403522,0.0014560800437549,0.0014006669403522,,,-7.36281166180408e-05,-7.36281166180408e-05,,0,0,0,False,0,0,-1.375,0.5,0,1,0,1,1,13,acquisition_stochastic,1.5739428549455337,1.5739428549455337,1.5739428549455337,0.3197660015953785,0.5317384693078961,0.9998655529610776,0.5316669786452166,clean,False,,"0.03966667,1.33825000",phase_qwindow_boundary_sensitive
0.0443333333333333,1.3382500000000002,FFLO,2,0.0,0.0101729310127723,0.6239702649979105,0.3482311320754718,0.3493531001438584,0.0556390977443609,-1.036823647294589,-0.0187102364419893,0.0009132323730157,-0.000948057547516,0.0018612899205317,0.0009132323730157,0.000948057547516,0.0009132323730157,,,-4.456390694906887e-05,-4.456390694906887e-05,,0,0,0,False,0,0,-1.375,0.5,0,1,0,1,1,2,acquisition_stochastic,0.8016560302864594,0.8016560302864594,0.8016560302864594,0.0455474313781951,0.7109371735450928,0.6821000296915695,0.4849302671839482,clean,False,,"0.04433333,1.33825000",clean_high_JA_boundary_control;phase_qwindow_boundary_sensitive
0.0466666666666666,1.3382500000000002,FFLO,2,0.0,0.007455880320009,0.6239749949952647,0.3482311320754718,0.3490441444439384,0.0526315789473684,-1.036823647294589,-0.0150681364171581,0.0006966297555263,-0.0007179447572571,0.0014145745127834,0.0006966297555263,0.0007179447572571,0.0006966297555263,,,-3.189095584987811e-05,-3.189095584987811e-05,,0,0,0,False,0,0,-1.375,0.5,0,1,0,1,1,9,acquisition_stochastic,0.6193098960838119,0.6193098960838119,0.6193098960838119,0.0089846331704071,0.5989893701871436,0.5630465439549983,0.3372588947496523,clean,False,,"0.04666667,1.33825000",phase_qwindow_boundary_sensitive
0.049,1.3382500000000002,FFLO,2,0.0,0.0061829637096773,0.6239702649979105,0.3482311320754718,0.3487846945943864,0.0481203007518796,-1.036823647294589,-0.0171757498413037,0.0004947167020795,-0.0005120079529127,0.0010067246549923,0.0004947167020795,0.0005120079529127,0.0004947167020795,,,-2.088619911044809e-05,-2.088619911044809e-05,,0,0,0,False,0,0,-1.375,0.5,0,1,0,1,1,6,acquisition_stochastic,0.46551050752427,0.46551050752427,0.46551050752427,0.2698509148259718,0.6032978557051349,0.3642284842440259,0.2197382635311523,clean,False,,"0.04900000,1.33825000",phase_qwindow_boundary_sensitive
0.0536666666666666,1.3382500000000002,FFLO,2,0.0,0.0087636054937451,0.6239702649979105,0.3482926824694389,0.3484147337231347,0.0345864661654135,-1.036823647294589,-0.0122478932915763,0.0001665685709316,-0.0001706993929641,0.0003372679638957,0.0001665685709316,0.0001706993929641,0.0001665685709316,,,-5.181025286127294e-06,-5.181025286127294e-06,,0,0,0,False,0,0,-1.375,0.5,0,1,0,1,1,11,acquisition_stochastic,0.5952786627818528,0.5952786627818528,0.5952786627818528,0.022361611366075,0.5792143715044582,0.4305578581736372,0.2493852992183489,clean,False,,"0.05366667,1.33825000",phase_qwindow_boundary_sensitive
0.014,1.331625,FFLO,2,2.0,0.0123847877782095,0.6202087521692686,0.3451061320754717,0.3547473627466239,0.0571428571428571,-1.029308617234469,-0.0177236218849855,0.0045840669769964,-0.0047494914371706,0.009333558414167,0.0045840669769964,0.0047494914371706,0.0045840669769964,,,-0.0001974514924265,-0.0001974514924265,,0,0,0,False,0,0,-1.375,0.5,0,1,0,1,1,18,acquisition_stochastic,0.3759425225144041,0.3759425225144041,0.3759425225144041,0.0125219652846259,0.4195461871739015,0.2400405135082552,0.1007080822096538,clean,False,,"0.01400000,1.33162500",phase_qwindow_boundary_sensitive
0.021,1.331625,FFLO,2,,0.0124494974561265,0.6207812118081764,0.3451061320754717,0.3520630198517211,0.0631578947368421,-1.029308617234469,-0.0206971872646644,0.0037610535808922,-0.0039200304147455,0.0076810839956377,0.0037610535808922,0.0039200304147455,0.0037610535808922,,,-0.0001910792650523,-0.0001910792650523,,0,0,0,False,0,0,-1.375,0.5,0,1,0,1,1,0,random_seed,,,,,,,,clean,False,,"0.02100000,1.33162500",phase_qwindow_boundary_sensitive
0.0233333333333333,1.331625,FFLO,2,2.0,0.0131067891000976,0.6208452726235922,0.3451061320754717,0.351262542716082,0.0646616541353383,-1.029308617234469,-0.0208263545491693,0.0034733661724881,-0.0036211184240389,0.0070944845965271,0.0034733661724881,0.0036211184240389,0.0034733661724881,,,-0.0001823660238979,-0.0001823660238979,,0,0,0,False,0,0,-1.375,0.5,0,1,0,1,1,10,acquisition_stochastic,0.6359249615105693,0.6359249615105693,0.6359249615105693,0.0474492469456768,0.4685955159731797,0.4003891023067948,0.1876205379854907,clean,False,,"0.02333333,1.33162500",phase_qwindow_boundary_sensitive
0.0256666666666666,1.331625,FFLO,2,2.0,0.014943496121758,0.62085002642896,0.3451061320754717,0.3505097717694095,0.0646616541353383,-1.0255511022044088,-0.0211268153916972,0.0031745236804602,-0.0033115538429128,0.0064860775233731,0.0031745236804602,0.0033115538429128,0.0031745236804602,,,-0.0001712115352614,-0.0001712115352614,,0,0,0,False,0,0,-1.375,0.5,0,1,0,1,1,13,acquisition_stochastic,0.4831538165173601,0.4831538165173601,0.4831538165173601,0.006898662632188,0.4811147204371068,0.3425652679232711,0.1648131931083671,clean,False,,"0.02566667,1.33162500",phase_qwindow_boundary_sensitive
0.028,1.331625,FFLO,2,2.0,0.0161062889628956,0.6208452726235922,0.3451061320754717,0.3498050149991305,0.0661654135338345,-1.0255511022044088,-0.0218749762528927,0.0028734244431136,-0.0030019480774785,0.0058753725205922,0.0028734244431136,0.0030019480774785,0.0028734244431136,,,-0.0001581807129109,-0.0001581807129109,,0,0,0,False,0,0,-1.375,0.5,0,1,0,1,1,12,acquisition_stochastic,0.66630464141315,0.66630464141315,0.66630464141315,0.0036536962789689,0.4904493461148079,0.6320758370420638,0.3100011809722501,clean,False,,"0.02800000,1.33162500",phase_qwindow_boundary_sensitive
0.035,1.331625,FFLO,2,2.0,0.0149788234635681,0.6208684820342445,0.3451061320754717,0.3479816476338522,0.0646616541353383,-1.0255511022044088,-0.0228148564683516,0.0020135487072709,-0.002107571472665,0.0041211201799359,0.0020135487072709,0.002107571472665,0.0020135487072709,,,-0.0001120108136387,-0.0001120108136387,,0,0,0,False,0,0,-1.375,0.5,0,1,0,1,1,19,acquisition_stochastic,0.8522119087889231,0.8522119087889231,0.8522119087889231,0.4363829694924219,0.5274749716348964,0.7781697802314014,0.410465082754692,clean,False,,"0.03500000,1.33162500",phase_qwindow_boundary_sensitive
0.0373333333333333,1.331625,FFLO,2,0.0,0.0131256169005272,0.6208453663018731,0.3451061320754717,0.347471674229077,0.0631578947368421,-1.0255511022044088,-0.0214055368902568,0.001740388831508,-0.0018165265141551,0.0035569153456631,0.001740388831508,0.0018165265141551,0.001740388831508,,,-9.568954492755744e-05,-9.568954492755744e-05,,0,0,0,False,0,0,-1.375,0.5,0,1,0,1,1,9,acquisition_stochastic,1.5869682626108466,1.5869682626108466,1.5869682626108466,0.5232793491046188,0.5663691269091449,0.9960285258197304,0.5641198065451234,clean,False,,"0.03733333,1.33162500",phase_qwindow_boundary_sensitive
0.042,1.331625,FFLO,2,0.0,0.0124408768883764,0.62085002642896,0.3451061320754717,0.3465997773533605,0.0601503759398496,-1.0255511022044088,-0.0201713393409598,0.001224031828541,-0.0012744291324145,0.0024984609609556,0.001224031828541,0.0012744291324145,0.001224031828541,,,-6.416528758390605e-05,-6.416528758390605e-05,,0,0,0,False,0,0,-1.375,0.5,0,1,0,1,1,4,acquisition_stochastic,0.8114379119820515,0.8114379119820515,0.8114379119820515,0.3491801111150024,0.6130641013402256,0.7938670780172894,0.4866914067682603,clean,False,,"0.04200000,1.33162500",phase_qwindow_boundary_sensitive
0.0443333333333333,1.331625,FFLO,2,0.0,0.0124933035208913,0.6208452726235922,0.3451061320754717,0.3462382267018664,0.0571428571428571,-1.0255511022044088,-0.0196954280859971,0.0009854644155355,-0.0010250626059011,0.0020105270214366,0.0009854644155355,0.0010250626059011,0.0009854644155355,,,-4.959080973665486e-05,-4.959080973665486e-05,,0,0,0,False,0,0,-1.375,0.5,0,1,0,1,1,15,acquisition_stochastic,1.2895605951690354,1.2895605951690354,1.2895605951690354,0.5502200401026456,0.5221235886113601,0.9790722241629076,0.5111967031896433,clean,False,,"0.04433333,1.33162500",phase_qwindow_boundary_sensitive
0.0466666666666666,1.331625,FFLO,2,0.0,0.0101980046838478,0.62085002642896,0.3451061320754717,0.3459264890408499,0.0541353383458646,-1.0255511022044088,-0.0192224871939101,0.0007611684491241,-0.0007910050850066,0.0015521735341308,0.0007611684491241,0.0007910050850066,0.0007611684491241,,,-3.630233234308555e-05,-3.630233234308555e-05,,0,0,0,False,0,0,-1.375,0.5,0,1,0,1,1,14,acquisition_stochastic,1.613285909307676,1.613285909307676,1.613285909307676,0.798607518190124,0.4889631145854357,0.9996058112202753,0.4887703708119669,clean,False,,"0.04666667,1.33162500",phase_qwindow_boundary_sensitive
0.0513333333333333,1.331625,FFLO,2,0.0,0.0101980046838477,0.62085002642896,0.3451143452978061,0.3454529705585816,0.0451127819548872,-1.0255511022044088,-0.0165908992366034,0.0003733447108962,-0.000385941959537,0.0007592866704333,0.0003733447108962,0.000385941959537,0.0003733447108962,,,-1.4794031976572695e-05,-1.4794031976572695e-05,,0,0,0,False,0,0,-1.375,0.5,0,1,0,1,1,12,acquisition_stochastic,0.8357395216887685,0.8357395216887685,0.8357395216887685,0.0674704718856593,0.5707150507395296,0.8422834307788812,0.4807038309340342,clean,False,,"0.05133333,1.33162500",phase_qwindow_boundary_sensitive
0.0536666666666666,1.331625,FFLO,2,0.0,0.0081874999999999,0.6208452726235922,0.3451682397198295,0.3452913953820615,0.037593984962406,-1.0255511022044088,-0.0109316565007166,0.0002148860942217,-0.0002196361420506,0.0004345222362723,0.0002148860942217,0.0002196361420506,0.0002148860942217,,,-7.217769385947648e-06,-7.217769385947648e-06,,0,0,0,False,0,0,-1.375,0.5,0,1,0,1,1,7,acquisition_stochastic,0.520604172874702,0.520604172874702,0.520604172874702,0.0663944296255755,0.5671434576960175,0.4413119127014485,0.2502871640919425,clean,False,,"0.05366667,1.33162500",phase_qwindow_boundary_sensitive
0.056,1.331625,FFLO,2,0.0,0.0040208333333332,0.62085002642896,0.3452724117482604,0.3451800440411586,0.0285714285714285,-1.0255511022044088,-0.0047588985500262,8.643459871375848e-05,-8.72611993955264e-05,0.0001736957981092,8.643459871375848e-05,8.72611993955264e-05,8.643459871375848e-05,,,-2.201774419896552e-06,-2.201774419896552e-06,,0,0,0,False,0,0,-1.375,0.5,0,1,0,1,1,13,acquisition_stochastic,0.674404916011124,0.674404916011124,0.674404916011124,0.3477112949230275,0.5566726195240821,0.5766264352606951,0.3209921482034047,clean,False,,"0.05600000,1.33162500",phase_qwindow_boundary_sensitive
0.0583333333333333,1.331625,normal,0,0.0,0.0001458333333333,0.6208452726235922,0.3454268158957221,0.3451189651494735,0.0,-1.0,0.0,0.0,0.0,0.0,0.0,0.0,0.0,,,0.0,0.0,1.1755374451638543e-09,3,1,1,False,1,0,-1.0,0.5,0,0,0,0,1,11,acquisition_stochastic,0.5306331475492273,0.5306331475492273,0.5306331475492273,0.0012089831896378,0.5823929727882076,0.3718526018064078,0.2165643422050634,delta_ambiguous,False,,"0.05833333,1.33162500",near_zero_delta_refinement;phase_qwindow_boundary_sensitive
0.0606666666666666,1.331625,normal,0,0.0,0.0043125,0.62085002642896,0.3456313848415334,0.3451061320754717,0.0,-1.0,0.0,0.0,0.0,0.0,0.0,0.0,0.0,,,0.0,0.0,5.343610443020452e-09,3,1,1,False,1,0,-1.0,0.5,0,0,0,0,1,19,acquisition_stochastic,0.4764541076990231,0.4764541076990231,0.4764541076990231,0.0072476786111332,0.5950003448247396,0.3528445434687601,0.20994262503344,delta_ambiguous,False,,"0.06066667,1.33162500",near_zero_delta_refinement;phase_qwindow_boundary_sensitive
0.063,1.331625,normal,0,0.0,0.0066187351096386,0.6208452726235922,0.3458860295781219,0.3451061320754717,0.0,-1.0,0.0,0.0,0.0,0.0,0.0,0.0,0.0,,,0.0,0.0,9.390946242859854e-09,3,1,1,False,1,0,-1.0,0.5,0,0,0,0,1,16,acquisition_stochastic,0.4498932572242615,0.4498932572242615,0.4498932572242615,0.015527864691139,0.6122385920655671,0.3116873538970814,0.1908270267145912,delta_ambiguous,False,,"0.06300000,1.33162500",near_zero_delta_refinement;phase_qwindow_boundary_sensitive
0.0723333333333333,1.331625,normal,0,,0.0180836511458635,0.6208453663018731,0.3474028393074886,0.3439275529333045,0.0,-1.0,0.0,0.0,0.0,0.0,0.0,0.0,0.0,,,0.0,0.0,2.4600079528980245e-08,2,0,0,False,0,0,-1.0,0.5,0,0,0,1,1,0,random_seed,,,,,,,,near_normal_unreliable,False,,"0.07233333,1.33162500",clean_high_JA_boundary_control;phase_qwindow_boundary_sensitive
0.0,1.3250000000000002,FFLO,2,2.0,0.0124353600593445,0.6166940087547697,0.3424470356809088,0.3583722736657453,0.0496240601503759,-1.0180360721442887,-0.2569043959985069,0.0004068233147643,-0.0006881187426873,0.0010949420574517,0.0004068233147643,0.0006881187426873,0.0004068233147643,,,-0.0001439636321007,-0.0001439636321007,,0,0,0,False,0,0,-1.375,0.5,0,1,0,1,1,12,acquisition_stochastic,0.4763403367857693,0.4763403367857693,0.4763403367857693,0.0039008030240946,0.301238938011845,0.0503275426551593,0.015160615502186,clean,False,,"0.00000000,1.32500000",phase_qwindow_boundary_sensitive
0.0046666666666666,1.3250000000000002,FFLO,2,2.0,0.0149211086012023,0.6167120257107447,0.3421137203379412,0.3559696850731619,0.0496240601503759,-1.0180360721442887,0.0018431731894261,0.0042999829626647,-0.004284160898845,0.0085841438615097,0.0042999829626647,0.004284160898845,0.004284160898845,,,-0.0001566946560005,-0.0001566946560005,,0,0,0,False,0,0,-1.375,0.5,0,1,0,1,1,12,acquisition_stochastic,0.4877780877618289,0.4877780877618289,0.4877780877618289,0.0368131835793223,0.3345728347116364,0.0743823575498575,0.0248863162179903,clean,False,,"0.00466667,1.32500000",phase_qwindow_boundary_sensitive
0.0163333333333333,1.3250000000000002,FFLO,2,2.0,0.0160796308989598,0.6172494771975872,0.3419811320754717,0.3507582942380698,0.0601503759398496,-1.0142785571142283,-0.0211007748192372,0.0043986290290498,-0.0045882593367829,0.0089868883658327,0.0043986290290498,0.0045882593367829,0.0043986290290498,,,-0.0002050337421408,-0.0002050337421408,,0,0,0,False,0,0,-1.375,0.5,0,1,0,1,1,17,acquisition_stochastic,0.4173077055321808,0.4173077055321808,0.4173077055321808,0.0045700889744324,0.5177039634287458,0.1359150836632437,0.0703637775022108,clean,False,,"0.01633333,1.32500000",phase_qwindow_boundary_sensitive
0.0186666666666666,1.3250000000000002,FFLO,2,2.0,0.0161396441466479,0.617441270613044,0.3419811320754717,0.3498555994987216,0.0616541353383458,-1.0142785571142283,-0.0201444919972612,0.0041313506640091,-0.0043012205268803,0.0084325711908894,0.0041313506640091,0.0043012205268803,0.0041313506640091,,,-0.0002030709867475,-0.0002030709867475,,0,0,0,False,0,0,-1.375,0.5,0,1,0,1,1,1,acquisition_stochastic,1.2663963254639294,1.2663963254639294,1.2663963254639294,0.6240693774326952,0.5429901648172071,0.9514972378875062,0.5166536420236543,clean,False,,"0.01866667,1.32500000",phase_qwindow_boundary_sensitive
0.021,1.3250000000000002,FFLO,2,2.0,0.015574460650775,0.6176611129365583,0.3419811320754717,0.3490003184047854,0.0631578947368421,-1.0142785571142283,-0.0203278941537537,0.0038445983683567,-0.0040041468299885,0.0078487451983453,0.0038445983683567,0.0040041468299885,0.0038445983683567,,,-0.0001976153043592,-0.0001976153043592,,0,0,0,False,0,0,-1.375,0.5,0,1,0,1,1,6,acquisition_stochastic,0.5041519583880757,0.5041519583880757,0.5041519583880757,0.0126388766261291,0.3960392401939082,0.3882640187424715,0.1537677869774017,clean,False,,"0.02100000,1.32500000",phase_qwindow_boundary_sensitive
0.0233333333333333,1.3250000000000002,FFLO,2,2.0,0.0161047122969296,0.6177202803264294,0.3419811320754717,0.3481928003490244,0.0646616541353383,-1.0142785571142283,-0.0226430159413881,0.0035474921943138,-0.0037118659566504,0.0072593581509643,0.0035474921943138,0.0037118659566504,0.0035474921943138,,,-0.0001891926371131,-0.0001891926371131,,0,0,0,False,0,0,-1.375,0.5,0,1,0,1,1,2,acquisition_stochastic,1.0217925657490623,1.0217925657490623,1.0217925657490623,0.2833834691694487,0.5758429595472069,0.8718363871273945,0.5020408454043832,clean,False,,"0.02333333,1.32500000",clean_high_JA_boundary_control;phase_qwindow_boundary_sensitive
0.028,1.3250000000000002,FFLO,2,2.0,0.0191448472013913,0.6177202803264294,0.3419811320754717,0.346722368499741,0.0661654135338345,-1.0142785571142283,-0.0224747004584305,0.0029639882831982,-0.0031002809169713,0.0060642692001695,0.0029639882831982,0.0031002809169713,0.0029639882831982,,,-0.0001652293414156,-0.0001652293414156,,0,0,0,False,0,0,-1.375,0.5,0,1,0,1,1,9,acquisition_stochastic,0.7876110311285918,0.7876110311285918,0.7876110311285918,0.0584188523670964,0.5018715938450186,0.6546723655396168,0.3285614635396561,clean,False,,"0.02800000,1.32500000",phase_qwindow_boundary_sensitive
0.0326666666666666,1.3250000000000002,FFLO,2,2.0,0.0186993140243901,0.6177202803264294,0.3419811320754717,0.345446760456852,0.0661654135338345,-1.0142785571142283,-0.0226313943139904,0.0023802049476306,-0.0024904343051208,0.0048706392527514,0.0023802049476306,0.0024904343051208,0.0023802049476306,,,-0.0001350624884843,-0.0001350624884843,,0,0,0,False,0,0,-1.375,0.5,0,1,0,1,1,6,acquisition_stochastic,0.9322345682945876,0.9322345682945876,0.9322345682945876,0.3230984279522472,0.4863550388883128,0.9167143466769598,0.445848641727547,clean,False,,"0.03266667,1.32500000",phase_qwindow_boundary_sensitive
0.035,1.3250000000000002,FFLO,2,2.0,0.017661334731559,0.6177436071470161,0.3419811320754717,0.3448827038131932,0.0661654135338345,-1.0142785571142283,-0.0220486395125174,0.0021024029547768,-0.0021972034259103,0.0042996063806872,0.0021024029547768,0.0021972034259103,0.0021024029547768,,,-0.0001187840152607,-0.0001187840152607,,0,0,0,False,0,0,-1.375,0.5,0,1,0,1,1,14,acquisition_stochastic,0.6749036398327186,0.6749036398327186,0.6749036398327186,0.0257766788735052,0.4492056180417172,0.5684592386917743,0.2553550836480625,clean,False,,"0.03500000,1.32500000",phase_qwindow_boundary_sensitive
0.0396666666666666,1.3250000000000002,FFLO,2,2.0,0.0155717147435897,0.6177248712829706,0.3419811320754717,0.343903294859028,0.0631578947368421,-1.0142785571142283,-0.0227993939624762,0.0015544271071052,-0.0016269608238914,0.0031813879309967,0.0015544271071052,0.0016269608238914,0.0015544271071052,,,-8.582297318748822e-05,-8.582297318748822e-05,,0,0,0,False,0,0,-1.375,0.5,0,1,0,1,1,12,acquisition_stochastic,0.8967193955779394,0.8967193955779394,0.8967193955779394,0.0002147813955608,0.5312730919550097,0.8878783560102042,0.471705879477472,clean,False,,"0.03966667,1.32500000",phase_qwindow_boundary_sensitive
0.042,1.3250000000000002,FFLO,2,2.0,0.0155658263192719,0.6177250581806929,0.3419811320754717,0.3434883665583557,0.0616541353383458,-1.0142785571142283,-0.020784048933786,0.0013011576768171,-0.0013563923261221,0.0026575500029393,0.0013011576768171,0.0013563923261221,0.0013011576768171,,,-6.991740070128039e-05,-6.991740070128039e-05,,0,0,0,False,0,0,-1.375,0.5,0,1,0,1,1,11,acquisition_stochastic,1.2939103241801346,1.2939103241801346,1.2939103241801346,0.350176135263404,0.530174960986668,0.9692095107265676,0.5138506145373656,clean,False,,"0.04200000,1.32500000",phase_qwindow_boundary_sensitive
0.0443333333333333,1.3250000000000002,FFLO,2,2.0,0.0149673989407177,0.6177202803264294,0.3419811320754717,0.3431235374164548,0.0586466165413533,-1.0142785571142283,-0.0210195404825441,0.0010603462548199,-0.0011058793210053,0.0021662255758253,0.0010603462548199,0.0011058793210053,0.0010603462548199,,,-5.483533939654173e-05,-5.483533939654173e-05,,0,0,0,False,0,0,-1.375,0.5,0,1,0,1,1,10,acquisition_stochastic,1.6739034754767272,1.6739034754767272,1.6739034754767272,0.0361486423613436,0.5450067338844231,0.9998956808690486,0.5449498792555816,clean,False,,"0.04433333,1.32500000",phase_qwindow_boundary_sensitive
0.0466666666666666,1.3250000000000002,FFLO,2,2.0,0.0131125778440879,0.6177250581806929,0.3419811320754717,0.3428089673851276,0.0556390977443609,-1.0142785571142283,-0.0185922931239565,0.0008342584024692,-0.000865867644278,0.0017001260467473,0.0008342584024692,0.000865867644278,0.0008342584024692,,,-4.0949493725239705e-05,-4.0949493725239705e-05,,0,0,0,False,0,0,-1.375,0.5,0,1,0,1,1,16,acquisition_stochastic,1.3292447691164118,1.3292447691164118,1.3292447691164118,0.1367781472252909,0.5732200839989893,0.9732934711574488,0.5579113652925406,clean,False,,"0.04666667,1.32500000",phase_qwindow_boundary_sensitive
0.049,1.3250000000000002,FFLO,2,0.0,0.0124329637096773,0.6177202803264294,0.3419811320754717,0.3425447949281318,0.0526315789473684,-1.0142785571142283,-0.0166834451467247,0.0006234570067032,-0.0006446127794222,0.0012680697861254,0.0006234570067032,0.0006446127794222,0.0006234570067032,,,-2.855332839613034e-05,-2.855332839613034e-05,,0,0,0,False,0,0,-1.375,0.5,0,1,0,1,1,8,acquisition_stochastic,0.7602057236429522,0.7602057236429522,0.7602057236429522,0.0207596031859542,0.5506752416385348,0.676302287853111,0.3724229257842057,clean,False,,"0.04900000,1.32500000",phase_qwindow_boundary_sensitive
0.0513333333333333,1.3250000000000002,FFLO,2,0.0,0.0127432750510916,0.6177250581806929,0.3419894203478546,0.3423311367189326,0.0466165413533834,-1.0142785571142283,-0.0156320120937477,0.0004315397978099,-0.000445245719622,0.000876785517432,0.0004315397978099,0.000445245719622,0.0004315397978099,,,-1.7991022930541334e-05,-1.7991022930541334e-05,,0,0,0,False,0,0,-1.375,0.5,0,1,0,1,1,17,acquisition_stochastic,1.7251545888353936,1.7251545888353936,1.7251545888353936,0.0096185805123855,0.5827012164615851,0.998580278233781,0.5818739428613724,clean,False,,"0.05133333,1.32500000",phase_qwindow_boundary_sensitive
0.0536666666666666,1.3250000000000002,FFLO,2,0.0,0.0087636054937451,0.6177202803264294,0.3420438071516775,0.3421680873845768,0.0406015037593984,-1.0142785571142283,-0.015555139335823,0.0002632119405317,-0.000271529924755,0.0005347418652868,0.0002632119405317,0.000271529924755,0.0002632119405317,,,-9.5743744747967e-06,-9.5743744747967e-06,,0,0,0,False,0,0,-1.375,0.5,0,1,0,1,1,18,acquisition_stochastic,1.403731168474411,1.403731168474411,1.403731168474411,0.0909034215874693,0.5417744367653441,0.9812631599921652,0.531623295823337,clean,False,,"0.05366667,1.32500000",clean_high_JA_boundary_control;phase_qwindow_boundary_sensitive
0.0,1.318375,FFLO,2,2.0,0.0155602995156417,0.6135690419048436,0.3393263264118625,0.3553914322010087,0.0511278195488721,-1.003006012024048,0.700545752631303,0.0025538579828679,-0.0004497165800819,0.0030035745629498,0.0025538579828679,0.0004497165800819,0.0004497165800819,,,-0.0001477213131011,-0.0001477213131011,,0,0,0,False,0,0,-1.375,0.5,0,1,0,1,1,16,acquisition_stochastic,0.4336461481199763,0.4336461481199763,0.4336461481199763,0.1362052355039183,0.3071531039791463,0.0320496611990869,0.0098441529187795,clean,True,,"0.00000000,1.31837500",phase_qwindow_boundary_sensitive
0.0046666666666666,1.318375,FFLO,2,2.0,0.0176103442073064,0.6135871506202277,0.3389899426133396,0.3529685541809841,0.0511278195488721,-1.003006012024048,-0.0061862888824991,0.0043330369426862,-0.0043869814958075,0.0087200184384938,0.0043330369426862,0.0043869814958075,0.0043330369426862,,,-0.0001610716071354,-0.0001610716071354,,0,0,0,False,0,0,-1.375,0.5,0,1,0,1,1,1,acquisition_stochastic,0.8971092144282362,0.8971092144282362,0.8971092144282362,0.0074994698358375,0.462215685467505,0.7281995834503542,0.3365852696216571,clean,False,,"0.00466667,1.31837500",phase_qwindow_boundary_sensitive
0.0233333333333333,1.318375,FFLO,2,2.0,0.0191433237923647,0.6145952881075989,0.3388561320754716,0.3451240498203854,0.0661654135338345,-1.003006012024048,-0.0219107591345892,0.0036419690292991,-0.0038051408603398,0.007447109889639,0.0036419690292991,0.0038051408603398,0.0036419690292991,,,-0.0001960671761533,-0.0001960671761533,,0,0,0,False,0,0,-1.375,0.5,0,1,0,1,1,8,acquisition_stochastic,0.4920346820260103,0.4920346820260103,0.4920346820260103,0.0266567360441645,0.4197530530465551,0.342780574573141,0.1438831927021283,clean,False,,"0.02333333,1.31837500",phase_qwindow_boundary_sensitive
0.028,1.318375,FFLO,2,2.0,0.0222074099023942,0.6145952881075989,0.3388561320754716,0.3436404870902124,0.0676691729323308,-1.003006012024048,-0.0228370395288587,0.0030439778239708,-0.0031862579649566,0.0062302357889274,0.0030439778239708,0.0031862579649566,0.0030439778239708,,,-0.0001723432557143,-0.0001723432557143,,0,0,0,False,0,0,-1.375,0.5,0,1,0,1,1,16,acquisition_stochastic,0.5290481249918981,0.5290481249918981,0.5290481249918981,0.0008736280113738,0.4562039792309856,0.3207961340941038,0.146348472895647,clean,False,,"0.02800000,1.31837500",phase_qwindow_boundary_sensitive
0.0326666666666666,1.318375,FFLO,2,2.0,0.0218243140243901,0.6145952881075989,0.3388561320754716,0.3423533961561678,0.0676691729323308,-1.003006012024048,-0.0224213077389155,0.0024685181211349,-0.0025817517766783,0.0050502698978133,0.0024685181211349,0.0025817517766783,0.0024685181211349,,,-0.0001421160314869,-0.0001421160314869,,0,0,0,False,0,0,-1.375,0.5,0,1,0,1,1,18,acquisition_stochastic,0.5151533600995187,0.5151533600995187,0.5151533600995187,0.0650775674863908,0.4712922520274307,0.4746451141750716,0.2236965647733865,clean,False,,"0.03266667,1.31837500",phase_qwindow_boundary_sensitive
0.0513333333333333,1.318375,FFLO,2,0.0,0.0138451411703808,0.6146000902553141,0.3388644967821059,0.3392093611868705,0.0496240601503759,-1.003006012024048,-0.0174136620072566,0.0004934766380918,-0.000510967692164,0.0010044443302559,0.0004934766380918,0.000510967692164,0.0004934766380918,,,-2.148707828486529e-05,-2.148707828486529e-05,,0,0,0,False,0,0,-1.375,0.5,0,1,0,1,1,3,acquisition_stochastic,0.6841136153322893,0.6841136153322893,0.6841136153322893,0.0062558074620187,0.6730323996218153,0.5931583309385028,0.3992147748272113,clean,False,,"0.05133333,1.31837500",phase_qwindow_boundary_sensitive
0.056,1.318375,FFLO,2,0.0,0.0074316620411885,0.6146000902553141,0.339025477159928,0.3389314070034123,0.0360902255639097,-0.999248496993988,-0.0098939637904108,0.0001683427949257,-0.0001717072376348,0.0003400500325605,0.0001683427949257,0.0001717072376348,0.0001683427949257,,,-5.372715709883735e-06,-5.372715709883735e-06,,0,0,0,False,0,0,-1.375,0.5,0,1,0,1,1,9,acquisition_stochastic,0.6514308067777463,0.6514308067777463,0.6514308067777463,0.0554615968769079,0.6060609823473748,0.6031075467634616,0.3655199522525788,clean,False,,"0.05600000,1.31837500",phase_qwindow_boundary_sensitive
0.063,1.318375,normal,0,0.0,0.0004013168160659,0.6145952881075989,0.3396503809895905,0.3388561320754716,0.0,-1.0,0.0,0.0,0.0,0.0,0.0,0.0,0.0,,,0.0,0.0,4.864171732066325e-09,3,1,1,False,1,0,-1.0,0.5,0,0,0,0,1,14,acquisition_stochastic,0.7319691821684948,0.7319691821684948,0.7319691821684948,0.1843719100683908,0.5148226348144213,0.6770856104870632,0.3485789979858808,delta_ambiguous,False,,"0.06300000,1.31837500",near_zero_delta_refinement;phase_qwindow_boundary_sensitive
0.0046666666666666,1.3117500000000002,FFLO,2,2.0,0.0204240107302837,0.6104622768085266,0.3358661876291265,0.3499695915935307,0.0511278195488721,-0.9924812030075189,0.8480607959307601,0.004469903137026,-0.0003674952287293,0.0048373983657554,0.004469903137026,0.0003674952287293,0.0003674952287293,,,-0.0001650713496232,-0.0001650713496232,,0,0,0,False,0,0,-1.0,0.5,0,0,0,1,1,17,acquisition_stochastic,0.3787999891536835,0.3787999891536835,0.3787999891536835,0.0257652951709854,0.4077030469751864,0.0218804522382204,0.0089207270467175,clean,True,,"0.00466667,1.31175000",phase_qwindow_boundary_sensitive
0.0116666666666666,1.3117500000000002,FFLO,2,2.0,0.0221405418695161,0.6107028257722819,0.3357311320754717,0.3466478428389604,0.0571428571428571,-0.9924812030075189,0.8108696278348985,0.0048884715037711,-0.0005105604625619,0.005399031966333,0.0048884715037711,0.0005105604625619,0.0005105604625619,,,-0.0002069181806227,-0.0002069181806227,,0,0,0,False,0,0,-1.0,0.5,0,0,0,1,1,1,acquisition_stochastic,0.9480912454923848,0.9480912454923848,0.9480912454923848,0.1208918409238606,0.4773759056799205,0.8016366181165618,0.3826820065995823,clean,True,,"0.01166667,1.31175000",phase_qwindow_boundary_sensitive
0.0256666666666666,1.3117500000000002,FFLO,2,2.0,0.0233371664796374,0.6114751226577746,0.3357311320754717,0.3412832412446125,0.0676691729323308,-0.9924812030075189,0.7450536595461648,0.0034269109905993,-0.0005006599145733,0.0039275709051727,0.0034269109905993,0.0005006599145733,0.0005006599145733,,,-0.0001922967353347,-0.0001922967353347,,0,0,0,False,0,0,-1.0,0.5,0,0,0,1,1,3,acquisition_stochastic,0.7729327258540787,0.7729327258540787,0.7729327258540787,0.0005855083486732,0.5392779588456367,0.6909855559430708,0.3726332802007966,clean,True,,"0.02566667,1.31175000",phase_qwindow_boundary_sensitive
0.0326666666666666,1.3117500000000002,FFLO,2,2.0,0.0249493140243901,0.6114702959683018,0.3357311320754717,0.339260611711985,0.0676691729323308,-0.9924812030075189,0.7124728419836405,0.0025537351109088,-0.0004287765509411,0.00298251166185,0.0025537351109088,0.0004287765509411,0.0004287765509411,,,-0.0001491627207139,-0.0001491627207139,,0,0,0,False,0,0,-1.0,0.5,0,0,0,1,1,15,acquisition_stochastic,0.5096877847252383,0.5096877847252383,0.5096877847252383,0.0044456434440173,0.4450256113727519,0.4427296792576463,0.1970260461844964,clean,True,,"0.03266667,1.31175000",phase_qwindow_boundary_sensitive
0.0373333333333333,1.3117500000000002,FFLO,2,2.0,0.0222159479982672,0.6114703910828447,0.3357311320754717,0.3381622614073645,0.0676691729323308,-0.9887218045112782,0.6802453445922026,0.001990094594563,-0.0003787196990971,0.0023688142936602,0.001990094594563,0.0003787196990971,0.0003787196990971,,,-0.0001156256816927,-0.0001156256816927,,0,0,0,False,0,0,-1.0,0.5,0,0,0,1,1,10,acquisition_stochastic,0.687315043441915,0.687315043441915,0.687315043441915,0.0050584492407051,0.4984304026100629,0.5644508359980607,0.2813394574400999,clean,True,,"0.03733333,1.31175000",phase_qwindow_boundary_sensitive
0.0396666666666666,1.3117500000000002,FFLO,2,0.0,0.0218217147435897,0.6114749338497554,0.3357311320754717,0.3376888724313435,0.0661654135338345,-0.9887218045112782,0.6603131535735143,0.001718518737485,-0.0003515952452732,0.0020701139827583,0.001718518737485,0.0003515952452732,0.0003515952452732,,,-9.865239309192476e-05,-9.865239309192476e-05,,0,0,0,False,0,0,-1.0,0.5,0,0,0,1,1,5,acquisition_stochastic,1.515966864371621,1.515966864371621,1.515966864371621,0.7613348678902135,0.5392698477025825,0.999095945128436,0.5387823181696795,clean,True,,"0.03966667,1.31175000",phase_qwindow_boundary_sensitive
0.042,1.3117500000000002,FFLO,2,2.0,0.0218157686433858,0.6114751226577746,0.3357311320754717,0.3372662988055343,0.0646616541353383,-0.9887218045112782,0.6412234154762971,0.0014575486689867,-0.0003186247090463,0.001776173378033,0.0014575486689867,0.0003186247090463,0.0003186247090463,,,-8.197108399587982e-05,-8.197108399587982e-05,,0,0,0,False,0,0,-1.0,0.5,0,0,0,1,1,19,acquisition_stochastic,0.6958032466832805,0.6958032466832805,0.6958032466832805,0.0103508974742901,0.5084788892653209,0.5937095609546225,0.3018887781004077,clean,True,,"0.04200000,1.31175000",phase_qwindow_boundary_sensitive
0.056,1.3117500000000002,FFLO,2,2.0,0.0102008688695837,0.6114751226577746,0.3359020526329739,0.3358071075079279,0.0390977443609022,-0.9887218045112782,0.374528048906188,0.0002139943248073,-9.73770218561924e-05,0.0003113713466635,0.0002139943248073,9.73770218561924e-05,9.73770218561924e-05,,,-7.475051547078948e-06,-7.475051547078948e-06,,0,0,0,False,0,0,-1.0,0.5,0,0,0,1,1,19,acquisition_stochastic,1.6367963093326607,1.6367963093326607,1.6367963093326607,0.4353428539673459,0.5507844652147068,0.998481553288822,0.5499481283549337,clean,True,,"0.05600000,1.31175000",phase_qwindow_boundary_sensitive
0.0583333333333333,1.3117500000000002,FFLO,2,0.0,0.0086233735701854,0.6114702959683018,0.3360607620482373,0.3357443234880203,0.0300751879699248,-0.9887218045112782,0.2535944773763858,8.594990815202701e-05,-5.1175629177890496e-05,0.0001371255373299,8.594990815202701e-05,5.1175629177890496e-05,5.1175629177890496e-05,,,-2.299079871592724e-06,-2.299079871592724e-06,,0,0,0,False,0,0,-1.0,0.5,0,0,0,1,1,16,acquisition_stochastic,1.482680395229468,1.482680395229468,1.482680395229468,0.7854208218947736,0.5839341375843018,0.9869242074804844,0.5762987359561871,clean,True,,"0.05833333,1.31175000",phase_qwindow_boundary_sensitive
0.0653333333333333,1.3117500000000002,normal,0,0.0,0.0051336140583026,0.6114751226577746,0.3368458246705246,0.3357311320754717,0.0,-1.0,0.0,0.0,0.0,0.0,0.0,0.0,0.0,,,0.0,0.0,7.582624084179201e-09,3,1,1,False,1,0,-1.0,0.5,0,0,0,0,1,10,acquisition_stochastic,0.6239697414391733,0.6239697414391733,0.6239697414391733,0.0008593803797686,0.6049330719860424,0.4403043496018888,0.2663546628134869,delta_ambiguous,False,,"0.06533333,1.31175000",near_zero_delta_refinement;phase_qwindow_boundary_sensitive
0.0676666666666666,1.3117500000000002,normal,0,0.0,0.0089328370782704,0.6114702959683018,0.3372100907627936,0.3357244199785189,0.0,-1.0,0.0,0.0,0.0,0.0,0.0,0.0,0.0,,,0.0,0.0,1.1623088935763803e-08,2,0,0,False,0,0,-1.0,0.5,0,0,0,1,1,13,acquisition_stochastic,0.4843613949583478,0.4843613949583478,0.4843613949583478,0.003964111371195,0.588452464802116,0.3318072510342597,0.1952527947103245,near_normal_unreliable,False,,"0.06766667,1.31175000",phase_qwindow_boundary_sensitive
0.021,1.305125,FFLO,2,2.0,0.0249494055544387,0.6083011182251992,0.3326061320754717,0.3398190204288549,0.0661654135338345,-0.981203007518797,0.4723797724052829,0.0040941490501788,-0.0014671186701602,0.0055612677203391,0.0040941490501788,0.0014671186701602,0.0014671186701602,,,-0.0002175845873306,-0.0002175845873306,,0,0,0,False,0,0,-1.0,0.5,0,0,0,1,1,3,acquisition_stochastic,0.6184806270222457,0.6184806270222457,0.6184806270222457,0.0222629611786047,0.4834111360293196,0.4460276130310437,0.2156147151157826,clean,True,,"0.02100000,1.30512500",clean_high_JA_boundary_control;phase_qwindow_boundary_sensitive
0.042,1.305125,FFLO,2,2.0,0.0249407506453142,0.6083501553931259,0.3326061320754717,0.3341556558843681,0.0646616541353383,-0.9774436090225564,0.3151545597283322,0.0015391520291056,-0.0008014884951892,0.0023406405242949,0.0015391520291056,0.0008014884951892,0.0008014884951892,,,-8.833633957072706e-05,-8.833633957072706e-05,,0,0,0,False,0,0,-1.0,0.5,0,0,0,1,1,13,acquisition_stochastic,0.5206736115408162,0.5206736115408162,0.5206736115408162,0.0018100872711497,0.4909910275780804,0.4144421526791577,0.2034873784156113,clean,True,,"0.04200000,1.30512500",phase_qwindow_boundary_sensitive
0.0443333333333333,1.305125,FFLO,2,2.0,0.0233459145378168,0.6083453039097636,0.3326061320754717,0.3337806260521515,0.0631578947368421,-0.9774436090225564,0.2993539407015775,0.0012915527479779,-0.0006964394495607,0.0019879921975387,0.0012915527479779,0.0006964394495607,0.0006964394495607,,,-7.192492533802941e-05,-7.192492533802941e-05,,0,0,0,False,0,0,-1.0,0.5,0,0,0,1,1,15,acquisition_stochastic,0.6709721772104849,0.6709721772104849,0.6709721772104849,0.0059982109628937,0.4816476846025213,0.692776571080062,0.3336742314075859,clean,True,,"0.04433333,1.30512500",phase_qwindow_boundary_sensitive
0.0466666666666666,1.305125,FFLO,2,2.0,0.0222024411332113,0.6083501553931259,0.3326061320754717,0.3334572424138399,0.0601503759398496,-0.9774436090225564,0.2707224474434476,0.0010512559928424,-0.0006033240375291,0.0016545800303715,0.0010512559928424,0.0006033240375291,0.0006033240375291,,,-5.638352100834077e-05,-5.638352100834077e-05,,0,0,0,False,0,0,-1.0,0.5,0,0,0,1,1,8,acquisition_stochastic,1.5164689366597124,1.5164689366597124,1.5164689366597124,0.7904395947648865,0.5176446624506161,0.9924625029383304,0.5137429173284057,clean,True,,"0.04666667,1.30512500",clean_high_JA_boundary_control;phase_qwindow_boundary_sensitive
0.049,1.305125,FFLO,2,0.0,0.0207168514506373,0.6083453039097636,0.3326061320754717,0.3331856553498977,0.0571428571428571,-0.9774436090225564,0.2329111174976608,0.0008255993265529,-0.000513668873459,0.0013392682000119,0.0008255993265529,0.000513668873459,0.000513668873459,,,-4.211203993076396e-05,-4.211203993076396e-05,,0,0,0,False,0,0,-1.0,0.5,0,0,0,1,1,4,acquisition_stochastic,0.9074971911262608,0.9074971911262608,0.9074971911262608,0.0380143890560643,0.620678827394715,0.8702816880283956,0.5401654176285577,clean,True,,"0.04900000,1.30512500",phase_qwindow_boundary_sensitive
0.0653333333333333,1.305125,normal,0,0.0,0.0073047120865404,0.6083501553931259,0.3337312626163364,0.3326061320754717,0.0,-1.0,0.0,0.0,0.0,0.0,0.0,0.0,0.0,,,0.0,0.0,6.176146705172414e-09,3,1,1,False,1,0,-1.0,0.5,0,0,0,0,1,8,acquisition_stochastic,0.5221678716134068,0.5221678716134068,0.5221678716134068,0.0339534691452351,0.5816853867253942,0.3221535931390414,0.1873920374100586,delta_ambiguous,False,,"0.06533333,1.30512500",near_zero_delta_refinement;phase_qwindow_boundary_sensitive
0.0513333333333333,1.2985000000000002,FFLO,2,2.0,0.0199189873996589,0.6052251884665248,0.3294897347839153,0.3298444009914217,0.0556390977443609,-0.9661654135338346,0.0368172103939694,0.0006836243599561,-0.0006350735804385,0.0013186979403947,0.0006836243599561,0.0006350735804385,0.0006350735804385,,,-3.373384955396297e-05,-3.373384955396297e-05,,0,0,0,False,0,0,-1.0,0.5,0,0,0,1,1,10,acquisition_stochastic,1.0165956048610956,1.0165956048610956,1.0165956048610956,0.1573769744075377,0.5336255526859628,0.8505132023147297,0.4538555776519057,clean,True,,"0.05133333,1.29850000",phase_qwindow_boundary_sensitive
0.0583333333333333,1.2985000000000002,FFLO,2,2.0,0.0121615571563129,0.6052203119332353,0.3298170085630797,0.3294945737087107,0.037593984962406,-0.9661654135338346,-0.0131987595940029,0.0001666878979524,-0.0001711468982095,0.000337834796162,0.0001666878979524,0.0001711468982095,0.0001666878979524,,,-5.542852278273003e-06,-5.542852278273003e-06,,0,0,0,False,0,0,-1.0,0.5,0,0,0,1,1,18,acquisition_stochastic,1.418450593200776,1.418450593200776,1.418450593200776,0.7263307113589674,0.53519487558802,0.9844569975372168,0.5268763403186866,clean,False,,"0.05833333,1.29850000",phase_qwindow_boundary_sensitive
0.0606666666666666,1.2985000000000002,FFLO,2,0.0,0.009857910060805,0.6052251884665248,0.3300312533459788,0.3294811320754717,0.025563909774436,-0.9661654135338346,-0.0094445516993144,5.3416719438148126e-05,-5.443533373017355e-05,0.0001078520531683,5.3416719438148126e-05,5.443533373017355e-05,5.3416719438148126e-05,,,-1.2383556202699708e-06,-1.2383556202699708e-06,,0,0,0,False,0,0,-1.0,0.5,0,0,0,1,1,5,acquisition_stochastic,0.5620099398404769,0.5620099398404769,0.5620099398404769,0.0965519962875397,0.6550072791904766,0.4326240103950471,0.2833718759613323,clean,False,,"0.06066667,1.29850000",phase_qwindow_boundary_sensitive
0.0653333333333333,1.2985000000000002,normal,0,0.0,0.0099947433201106,0.6052251884665248,0.3306168975521705,0.3294811320754717,0.0,-1.0,0.0,0.0,0.0,0.0,0.0,0.0,0.0,,,0.0,0.0,4.768275996269722e-09,3,1,1,False,1,0,-1.0,0.5,0,0,0,0,1,12,acquisition_stochastic,0.8896055108339687,0.8896055108339687,0.8896055108339687,0.0952753823198324,0.5884498616223173,0.8507624799259383,0.500631063585878,delta_ambiguous,False,,"0.06533333,1.29850000",near_zero_delta_refinement;phase_qwindow_boundary_sensitive
0.0676666666666666,1.2985000000000002,normal,0,0.0,0.012382910764526,0.6052203119332353,0.3309880189090055,0.3294811320754717,0.0,-1.0,0.0,0.0,0.0,0.0,0.0,0.0,0.0,,,0.0,0.0,8.848163313146529e-09,3,1,1,False,1,0,-1.0,0.5,0,0,0,0,1,1,acquisition_stochastic,0.8859252148183786,0.8859252148183786,0.8859252148183786,0.0260599828872522,0.7950416154375995,0.5946191914388606,0.4727470025317509,delta_ambiguous,False,,"0.06766667,1.29850000",near_zero_delta_refinement;phase_qwindow_boundary_sensitive
0.07,1.2985000000000002,normal,0,0.0,0.0155402794759863,0.6052441205175042,0.331411114173644,0.3289826527520205,0.0,-1.0,0.0,0.0,0.0,0.0,0.0,0.0,0.0,,,0.0,0.0,1.2826157913536916e-08,2,0,0,False,0,0,-1.0,0.5,0,0,0,1,1,17,acquisition_stochastic,0.4816606053365479,0.4816606053365479,0.4816606053365479,0.0064123858224333,0.5816451912487339,0.3520315126788376,0.2047574365176636,near_normal_unreliable,False,,"0.07000000,1.29850000",phase_qwindow_boundary_sensitive
0.0513333333333333,1.291875,FFLO,2,2.0,0.022454129553999,0.6021002218832346,0.3263648171563582,0.3267228755611061,0.0571428571428571,-0.9548872180451128,-0.0174604876898693,0.0007528069308508,-0.0007795628546265,0.0015323697854774,0.0007528069308508,0.0007795628546265,0.0007528069308508,,,-3.83480299246397e-05,-3.83480299246397e-05,,0,0,0,False,0,0,-1.0,0.5,0,0,0,1,1,7,acquisition_stochastic,1.147626254324439,1.147626254324439,1.147626254324439,0.5876526103011818,0.545108944111414,0.954368738967913,0.5202349355917407,clean,False,,"0.05133333,1.29187500",phase_qwindow_boundary_sensitive
0.0536666666666666,1.291875,FFLO,2,2.0,0.0204596592408084,0.6020953200399939,0.3264218072654697,0.3265520330239285,0.0526315789473684,-0.9548872180451128,-0.0193035620076099,0.0005508586353992,-0.0005725443138904,0.0011234029492896,0.0005508586353992,0.0005725443138904,0.0005508586353992,,,-2.5995322238347995e-05,-2.5995322238347995e-05,,0,0,0,False,0,0,-1.0,0.5,0,0,0,1,1,11,acquisition_stochastic,1.0295259408137838,1.0295259408137838,1.0295259408137838,0.4919417550557153,0.5355749456587413,0.8450739500292798,0.4526004348645494,clean,False,,"0.05366667,1.29187500",phase_qwindow_boundary_sensitive
0.056,1.291875,FFLO,2,2.0,0.0173037019667896,0.6021002218832346,0.3265319599390388,0.326434289484769,0.0466165413533834,-0.9548872180451128,-0.0172640245752154,0.000369097651909,-0.0003820657554334,0.0007511634073424,0.000369097651909,0.0003820657554334,0.000369097651909,,,-1.565738354880608e-05,-1.565738354880608e-05,,0,0,0,False,0,0,-1.0,0.5,0,0,0,1,1,15,acquisition_stochastic,1.1860933515979302,1.1860933515979302,1.1860933515979302,0.063005044141384,0.5120031170967915,0.96628948290042,0.4947432272628618,clean,False,,"0.05600000,1.29187500",phase_qwindow_boundary_sensitive
0.0583333333333333,1.291875,FFLO,2,0.0,0.0146277406947865,0.6020953200399939,0.3266952214021915,0.3263697024127903,0.0406015037593984,-0.9511278195488722,-0.0127901625647263,0.0002143212439198,-0.0002198746803765,0.0004341959242963,0.0002143212439198,0.0002198746803765,0.0002143212439198,,,-7.674162799897744e-06,-7.674162799897744e-06,,0,0,0,False,0,0,-1.0,0.5,0,0,0,1,1,6,acquisition_stochastic,0.8847772210766037,0.8847772210766037,0.8847772210766037,0.0329763824051075,0.6160888074416143,0.8071370755634336,0.4972681183257879,clean,False,,"0.05833333,1.29187500",phase_qwindow_boundary_sensitive
0.0606666666666666,1.291875,FFLO,2,0.0,0.012776764697472,0.6021002218832346,0.3269115120864451,0.3263561320754717,0.0300751879699248,-0.9511278195488722,-0.0106982465761613,8.649599418952888e-05,-8.836671860801348e-05,0.0001748627127975,8.649599418952888e-05,8.836671860801348e-05,8.649599418952888e-05,,,-2.3708597227667383e-06,-2.3708597227667383e-06,,0,0,0,False,0,0,-1.0,0.5,0,0,0,1,1,3,acquisition_stochastic,0.6861631503515426,0.6861631503515426,0.6861631503515426,0.0364899808766244,0.7026004448909301,0.5614347644985296,0.3944643153139014,clean,False,,"0.06066667,1.29187500",phase_qwindow_boundary_sensitive
0.0676666666666666,1.291875,normal,0,0.0,0.0126163905213281,0.6020953200399939,0.3278773813651018,0.3263561320754717,0.0,-1.0,0.0,0.0,0.0,0.0,0.0,0.0,0.0,,,0.0,0.0,7.464295181947023e-09,3,1,1,False,1,0,-1.0,0.5,0,0,0,0,1,11,acquisition_stochastic,0.7935504389814725,0.7935504389814725,0.7935504389814725,0.1494701940317278,0.5937108260616969,0.6540139199531079,0.3882951446712082,delta_ambiguous,False,,"0.06766667,1.29187500",near_zero_delta_refinement;phase_qwindow_boundary_sensitive
0.0723333333333333,1.291875,normal,0,0.0,0.0152047144218777,0.6020954166355256,0.3287838428300188,0.325338980869491,0.0,-1.0,0.0,0.0,0.0,0.0,0.0,0.0,0.0,,,0.0,0.0,1.5372233930222023e-08,2,0,0,False,0,0,-1.0,0.5,0,0,0,1,1,14,acquisition_stochastic,0.5904461005737218,0.5904461005737218,0.5904461005737218,0.0294410111672408,0.5452834082147431,0.4641252225544923,0.2530797831929397,near_normal_unreliable,False,,"0.07233333,1.29187500",phase_qwindow_boundary_sensitive
0.0583333333333333,1.2852500000000002,FFLO,2,,0.0173080724866045,0.5989703282313429,0.3235734962671622,0.3232448336053364,0.0436090225563909,-0.9398496240601504,-0.0150733309618395,0.0002618225738801,-0.0002698364462494,0.0005316590201296,0.0002618225738801,0.0002698364462494,0.0002618225738801,,,-1.014313190639271e-05,-1.014313190639271e-05,,0,0,0,False,0,0,-1.0,0.5,0,0,0,1,1,0,random_seed,,,,,,,,clean,False,,"0.05833333,1.28525000",phase_qwindow_boundary_sensitive
0.0606666666666666,1.2852500000000002,FFLO,2,2.0,0.0155722183383252,0.598975255648629,0.3237918722484774,0.3232311320754717,0.0345864661654135,-0.9398496240601504,-0.0083232039490394,0.0001248056701477,-0.0001269006733801,0.0002517063435278,0.0001248056701477,0.0001269006733801,0.0001248056701477,,,-3.857986627719967e-06,-3.857986627719967e-06,,0,0,0,False,0,0,-1.0,0.5,0,0,0,1,1,13,acquisition_stochastic,1.428295365579143,1.428295365579143,1.428295365579143,0.1104000202668216,0.5304982279793319,0.9859764765832366,0.5230587736567123,clean,False,,"0.06066667,1.28525000",phase_qwindow_boundary_sensitive
0.0653333333333333,1.2852500000000002,normal,0,0.0,0.0103039158336691,0.598975255648629,0.3243887810884943,0.3232311320754717,0.0,-1.0,0.0,0.0,0.0,0.0,0.0,0.0,0.0,,,0.0,0.0,1.9621753111209728e-09,3,1,1,False,1,0,-1.0,0.5,0,0,0,0,1,18,acquisition_stochastic,0.987502336960361,0.987502336960361,0.987502336960361,0.1031532111245974,0.5605474753310139,0.9131627143795624,0.5118710541118794,delta_ambiguous,False,,"0.06533333,1.28525000",near_zero_delta_refinement;phase_qwindow_boundary_sensitive
0.0676666666666666,1.2852500000000002,normal,0,0.0,0.0094916997216569,0.5989703282313429,0.324767019585371,0.3232311320754717,0.0,-1.0,0.0,0.0,0.0,0.0,0.0,0.0,0.0,,,0.0,0.0,6.086071646649316e-09,3,1,1,False,1,0,-1.0,0.5,0,0,0,0,1,9,acquisition_stochastic,0.6553472581453959,0.6553472581453959,0.6553472581453959,0.1039017214064109,0.6236101515674529,0.5765179268751734,0.3595224317599806,delta_ambiguous,False,,"0.06766667,1.28525000",near_zero_delta_refinement;phase_qwindow_boundary_sensitive
0.0723333333333333,1.2852500000000002,normal,0,0.0,0.0127319438606326,0.5989704253308398,0.3256821381433173,0.3222408855255221,0.0,-1.0,0.0,0.0,0.0,0.0,0.0,0.0,0.0,,,0.0,0.0,1.4036453332977317e-08,2,0,0,False,0,0,-1.0,0.5,0,0,0,1,1,10,acquisition_stochastic,0.6468883877538264,0.6468883877538264,0.6468883877538264,0.0138652347973032,0.6154371690285503,0.4669867612463346,0.2874010103152557,near_normal_unreliable,False,,"0.07233333,1.28525000",phase_qwindow_boundary_sensitive
0.0746666666666666,1.2852500000000002,normal,0,0.0,0.0158174189814815,0.5989750629004205,0.3262185731784063,0.3216953089869616,0.0,-1.0,0.0,0.0,0.0,0.0,0.0,0.0,0.0,,,0.0,0.0,1.7883215575054123e-08,2,0,0,False,0,0,-1.0,0.5,0,0,0,1,1,12,acquisition_stochastic,0.5082111330875865,0.5082111330875865,0.5082111330875865,0.0044085478072545,0.6144800314910944,0.4044327469927925,0.2485158471081609,near_normal_unreliable,False,,"0.07466667,1.28525000",phase_qwindow_boundary_sensitive
0.0536666666666666,1.278625,FFLO,2,2.0,0.0247045750547256,0.5958453365086133,0.3201730892931385,0.3203058555835616,0.0571428571428571,-0.9285714285714286,-0.0182212954066708,0.0006813870734383,-0.0007066794434873,0.0013880665169256,0.0006813870734383,0.0007066794434873,0.0006813870734383,,,-3.458653069299267e-05,-3.458653069299267e-05,,0,0,0,False,0,0,-1.0,0.5,0,0,0,1,1,17,acquisition_stochastic,0.7254637218088683,0.7254637218088683,0.7254637218088683,0.3732779660399816,0.5133084828759116,0.6894523535424841,0.3539017416121191,clean,False,,"0.05366667,1.27862500",phase_qwindow_boundary_sensitive
0.056,1.278625,FFLO,2,0.0,0.0216369239762479,0.5958502897681937,0.3202853910353805,0.3201858151144153,0.0511278195488721,-0.9285714285714286,-0.0183452360896952,0.0004866377094445,-0.0005048263517211,0.0009914640611656,0.0004866377094445,0.0005048263517211,0.0004866377094445,,,-2.268190413823312e-05,-2.268190413823312e-05,,0,0,0,False,0,0,-1.0,0.5,0,0,0,1,1,5,acquisition_stochastic,1.2117391245950118,1.2117391245950118,1.2117391245950118,0.003943192138111,0.5985491076563707,0.961236394698178,0.5753471862934214,clean,False,,"0.05600000,1.27862500",phase_qwindow_boundary_sensitive
0.0606666666666666,1.278625,FFLO,2,0.0,0.0138904387186264,0.5958502897681937,0.3206723367920945,0.3201061320754716,0.037593984962406,-0.9285714285714286,-0.0158770190780374,0.0001661016937593,-0.0001714611860419,0.0003375628798012,0.0001661016937593,0.0001714611860419,0.0001661016937593,,,-5.693867087153137e-06,-5.693867087153137e-06,,0,0,0,False,0,0,-1.0,0.5,0,0,0,1,1,2,acquisition_stochastic,0.9127553480824904,0.9127553480824904,0.9127553480824904,0.0155860617290489,0.7456595325520412,0.7734406525086672,0.5767233954063585,clean,False,,"0.06066667,1.27862500",phase_qwindow_boundary_sensitive
0.063,1.278625,FFLO,2,0.0,0.0103644356069317,0.5958453365086133,0.3209467850805547,0.3201061320754716,0.025563909774436,-0.9285714285714286,-0.0084042441276387,5.274246962749768e-05,-5.363650449608e-05,0.0001063789741235,5.274246962749768e-05,5.363650449608e-05,5.274246962749768e-05,,,-1.2676042315806768e-06,-1.2676042315806768e-06,,0,0,0,False,0,0,-1.0,0.5,0,0,0,1,1,15,acquisition_stochastic,1.1560944920194047,1.1560944920194047,1.1560944920194047,0.3471600038942011,0.5536455070861246,0.9530535944931774,0.5276538406034289,clean,False,,"0.06300000,1.27862500",phase_qwindow_boundary_sensitive
0.07,1.278625,normal,0,0.0,0.0076932809481087,0.5958695196798599,0.3220922942207728,0.3196883667201136,0.0,-1.0,0.0,0.0,0.0,0.0,0.0,0.0,0.0,,,0.0,0.0,8.755302927099251e-09,3,1,1,False,1,0,-1.0,0.5,0,0,0,0,1,14,acquisition_stochastic,0.8669508058907448,0.8669508058907448,0.8669508058907448,0.001120286334296,0.532521765707982,0.7928497555684003,0.4222097517764265,delta_ambiguous,False,,"0.07000000,1.27862500",near_zero_delta_refinement;phase_qwindow_boundary_sensitive
0.0723333333333333,1.278625,normal,0,0.0,0.0106090856481481,0.5958454341173615,0.3225808831210105,0.319142790181553,0.0,-1.0,0.0,0.0,0.0,0.0,0.0,0.0,0.0,,,0.0,0.0,1.2705231089427116e-08,2,0,0,False,0,0,-1.0,0.5,0,0,0,1,1,7,acquisition_stochastic,0.628475002118043,0.628475002118043,0.628475002118043,0.0237938043869564,0.5944224942080475,0.4951069090539314,0.2943026837794748,near_normal_unreliable,False,,"0.07233333,1.27862500",clean_high_JA_boundary_control;phase_qwindow_boundary_sensitive
0.0746666666666666,1.278625,normal,0,0.0,0.0141647819275545,0.5958500960091074,0.3231224667770463,0.3185972136429925,0.0,-1.0,0.0,0.0,0.0,0.0,0.0,0.0,0.0,,,0.0,0.0,1.657232884255677e-08,2,0,0,False,0,0,-1.0,0.5,0,0,0,1,1,13,acquisition_stochastic,0.5175368414896091,0.5175368414896091,0.5175368414896091,0.0177365780155214,0.6038480035825309,0.3614420459237195,0.2182560578418234,near_normal_unreliable,False,,"0.07466667,1.27862500",phase_qwindow_boundary_sensitive
0.056,1.2720000000000002,FFLO,2,2.0,0.0209317470119763,0.5927253242475308,0.3171621572795453,0.3170616004816902,0.0541353383458646,-0.9172932330827068,-0.0190584423102991,0.0005473922968015,-0.0005686625639809,0.0011160548607824,0.0005473922968015,0.0005686625639809,0.0005473922968015,,,-2.6646937770768982e-05,-2.6646937770768982e-05,,0,0,0,False,0,0,-1.0,0.5,0,0,0,1,1,19,acquisition_stochastic,0.732719706713413,0.732719706713413,0.732719706713413,0.0398165298983198,0.4875314658918832,0.6905511649203679,0.3366654217069746,clean,False,,"0.05600000,1.27200000",phase_qwindow_boundary_sensitive
0.0606666666666666,1.2720000000000002,FFLO,2,,0.0127642407379115,0.5927253242475308,0.3175529087935283,0.3169811320754718,0.0406015037593984,-0.9172932330827068,-0.0150235620020211,0.0002122755017521,-0.0002187510559665,0.0004310265577187,0.0002122755017521,0.0002187510559665,0.0002122755017521,,,-7.864955653635874e-06,-7.864955653635874e-06,,0,0,0,False,0,0,-1.0,0.5,0,0,0,1,1,0,random_seed,,,,,,,,clean,False,,"0.06066667,1.27200000",phase_qwindow_boundary_sensitive
0.063,1.2720000000000002,FFLO,2,2.0,0.0087979019811361,0.5927203448731643,0.3178300507394985,0.3169811320754718,0.031578947368421,-0.9172932330827068,-0.011676459155902,8.515464817682236e-05,-8.716675196729298e-05,0.0001723214001441,8.515464817682236e-05,8.716675196729298e-05,8.515464817682236e-05,,,-2.4143917993768582e-06,-2.4143917993768582e-06,,0,0,0,False,0,0,-1.0,0.5,0,0,0,1,1,10,acquisition_stochastic,1.7480659981030138,1.7480659981030138,1.7480659981030138,0.5165519221394358,0.5642230675287098,0.9989274055797426,0.5636178850146979,clean,False,,"0.06300000,1.27200000",phase_qwindow_boundary_sensitive
0.0746666666666666,1.2720000000000002,normal,0,0.0,0.0130622586436887,0.5927251294669079,0.3200269220481487,0.3154991182990238,0.0,-1.0,0.0,0.0,0.0,0.0,0.0,0.0,0.0,,,0.0,0.0,1.5265312791612473e-08,2,0,0,False,0,0,-1.0,0.5,0,0,0,1,1,8,acquisition_stochastic,0.5651431495007869,0.5651431495007869,0.5651431495007869,0.1066740317361341,0.5932349939860067,0.3452985562194633,0.2048431869222301,near_normal_unreliable,False,,"0.07466667,1.27200000",clean_high_JA_boundary_control;phase_qwindow_boundary_sensitive
0.0676666666666666,1.265375,normal,0,0.0,0.0001924189814814,0.5895953533263831,0.3154376704024895,0.3138561320754716,0.0,-1.0,0.0,0.0,0.0,0.0,0.0,0.0,0.0,,,0.0,0.0,1.9807993023590598e-09,3,1,1,False,1,0,-1.0,0.5,0,0,0,0,1,19,acquisition_stochastic,1.012225178209123,1.012225178209123,1.012225178209123,0.5234507325427545,0.5628825239619446,0.9126832012941364,0.513733423922111,delta_ambiguous,False,,"0.06766667,1.26537500",near_zero_delta_refinement;phase_qwindow_boundary_sensitive
0.07,1.265375,normal,0,0.0,0.0043221440727286,0.5896197928398494,0.315881594660812,0.3134921760321758,0.0,-1.0,0.0,0.0,0.0,0.0,0.0,0.0,0.0,,,0.0,0.0,6.064379221015771e-09,3,1,1,False,1,0,-1.0,0.5,0,0,0,0,1,1,acquisition_stochastic,0.9871892636474562,0.9871892636474562,0.9871892636474562,0.0631705901369341,0.7035392424827538,0.7276754147512188,0.5119482100673961,delta_ambiguous,False,,"0.07000000,1.26537500",near_zero_delta_refinement;phase_qwindow_boundary_sensitive
0.0746666666666666,1.265375,normal,0,0.0,0.0126544618492476,0.5896001632793724,0.3169319554496518,0.3124010229550547,0.0,-1.0,0.0,0.0,0.0,0.0,0.0,0.0,0.0,,,0.0,0.0,1.3961813261076372e-08,2,0,0,False,0,0,-1.0,0.5,0,0,0,1,1,18,acquisition_stochastic,0.5003233151190912,0.5003233151190912,0.5003233151190912,0.026614035867465,0.5930846520310233,0.4484655409090681,0.2659780292779593,near_normal_unreliable,False,,"0.07466667,1.26537500",phase_qwindow_boundary_sensitive
0.077,1.265375,normal,0,0.0,0.0168209980584304,0.5896003590923604,0.3175378544178862,0.3118554464164941,0.0,-1.0,0.0,0.0,0.0,0.0,0.0,0.0,0.0,,,0.0,0.0,1.7793172490954134e-08,2,0,0,False,0,0,-1.0,0.5,0,0,0,1,1,19,acquisition_stochastic,0.438062475747447,0.438062475747447,0.438062475747447,0.0103905219065395,0.6144666403054871,0.2893949080175862,0.1778235168510817,near_normal_unreliable,False,,"0.07700000,1.26537500",phase_qwindow_boundary_sensitive
0.0793333333333333,1.265375,normal,0,0.0,0.0209875860663297,0.5895953533263831,0.3181971649994881,0.3113098698779336,0.0,-1.0,0.0,0.0,0.0,0.0,0.0,0.0,0.0,,,0.0,0.0,2.1552897688792427e-08,2,0,0,False,0,0,-1.0,0.5,0,0,0,1,1,17,acquisition_stochastic,0.3765551410064195,0.3765551410064195,0.3765551410064195,0.0313162016902612,0.6074951362067444,0.1992634929622916,0.1210516027981589,near_normal_unreliable,False,,"0.07933333,1.26537500",phase_qwindow_boundary_sensitive
0.0606666666666666,1.25875,FFLO,2,2.0,0.0127075843201707,0.5864753943085255,0.3113143880907008,0.3107311320754717,0.0466165413533834,-0.8947368421052632,-0.0157970624048611,0.0003111741637225,-0.0003211632371042,0.0006323374008268,0.0003111741637225,0.0003211632371042,0.0003111741637225,,,-1.319668475030511e-05,-1.319668475030511e-05,,0,0,0,False,0,0,-1.0,0.5,0,0,0,1,1,11,acquisition_stochastic,1.099408839571553,1.099408839571553,1.099408839571553,0.0192705553789936,0.5210905197915768,0.9210233120618702,0.4799365164224796,clean,False,,"0.06066667,1.25875000",phase_qwindow_boundary_sensitive
0.063,1.25875,FFLO,2,0.0,0.0087154998083052,0.5864703618696878,0.311597078776629,0.3107311320754717,0.0390977443609022,-0.8947368421052632,-0.0179545390807823,0.0001640010223449,-0.000169997817569,0.000333998839914,0.0001640010223449,0.000169997817569,0.0001640010223449,,,-5.764548760778254e-06,-5.764548760778254e-06,,0,0,0,False,0,0,-1.0,0.5,0,0,0,1,1,7,acquisition_stochastic,1.6228180852128589,1.6228180852128589,1.6228180852128589,0.1176431754132485,0.5663448637006177,0.9999991944457508,0.5663444074791061,clean,False,,"0.06300000,1.25875000",phase_qwindow_boundary_sensitive
0.0653333333333333,1.25875,FFLO,2,2.0,0.0050159143518517,0.5864753943085255,0.3119351743458762,0.3107311320754717,0.0270676691729323,-0.8947368421052632,-0.0090400750336608,5.150737132741984e-05,-5.244712779961486e-05,0.000103954499127,5.150737132741984e-05,5.244712779961486e-05,5.150737132741984e-05,,,-1.2646322589127124e-06,-1.2646322589127124e-06,,0,0,0,False,0,0,-1.0,0.5,0,0,0,1,1,16,acquisition_stochastic,1.6033678425733735,1.6033678425733735,1.6033678425733735,0.3992527830521707,0.561922831386793,0.9991408425418128,0.5614400511952813,clean,False,,"0.06533333,1.25875000",phase_qwindow_boundary_sensitive
0.0606666666666666,1.2521250000000002,FFLO,2,2.0,0.0137861525841582,0.5833504299019934,0.3081953021735013,0.3076061320754717,0.0496240601503759,-0.8834586466165414,-0.0174203880879534,0.0003643235951034,-0.0003772419547749,0.0007415655498783,0.0003643235951034,0.0003772419547749,0.0003643235951034,,,-1.63334136378257e-05,-1.63334136378257e-05,,0,0,0,False,0,0,-1.0,0.5,0,0,0,1,1,9,acquisition_stochastic,1.2636319116732633,1.2636319116732633,1.2636319116732633,0.4158302965071309,0.5726355198282503,0.976233574133246,0.5590260201975821,clean,False,,"0.06066667,1.25212500",phase_qwindow_boundary_sensitive
0.0653333333333333,1.2521250000000002,FFLO,2,0.0,0.0073303956649389,0.5833504299019934,0.3088223583934955,0.3076061320754717,0.031578947368421,-0.8834586466165414,-0.0039023059264945,8.464223338555739e-05,-8.530542112494759e-05,0.0001699476545105,8.464223338555739e-05,8.530542112494759e-05,8.464223338555739e-05,,,-2.4140805636729823e-06,-2.4140805636729823e-06,,0,0,0,False,0,0,-1.0,0.5,0,0,0,1,1,2,acquisition_stochastic,0.9917386075659788,0.9917386075659788,0.9917386075659788,0.2328080925901996,0.757545633315077,0.8265712462221032,0.6261654381993556,clean,False,,"0.06533333,1.25212500",phase_qwindow_boundary_sensitive
0.0793333333333333,1.2521250000000002,normal,0,0.0,0.0206270388068251,0.583345370504526,0.3120341274007831,0.3051136791899958,0.0,-1.0,0.0,0.0,0.0,0.0,0.0,0.0,0.0,,,0.0,0.0,1.9026480169159757e-08,2,0,0,False,0,0,-1.0,0.5,0,0,0,1,1,14,acquisition_stochastic,0.612774348406999,0.612774348406999,0.612774348406999,0.0024745825387994,0.5727383509170422,0.4372606404842192,0.2504359381518614,near_normal_unreliable,False,,"0.07933333,1.25212500",phase_qwindow_boundary_sensitive
0.056,1.2455,FFLO,2,2.0,0.0226578187002005,0.5802254658788603,0.3046695844818255,0.3045649030964075,0.0616541353383458,-0.8721804511278195,-0.0229654622288284,0.0008075845905912,-0.0008455495809673,0.0016531341715586,0.0008075845905912,0.0008455495809673,0.0008075845905912,,,-4.526050621023181e-05,-4.526050621023181e-05,,0,0,0,False,0,0,-1.0,0.5,0,0,0,1,1,6,acquisition_stochastic,0.8430665137788985,0.8430665137788985,0.8430665137788985,0.3953602412624977,0.523965887299553,0.8576033713623331,0.4493549114269529,clean,False,,"0.05600000,1.24550000",phase_qwindow_boundary_sensitive
0.0583333333333333,1.2455,FFLO,2,0.0,0.0189317073044413,0.5802203792323763,0.304844554705714,0.3044956773087451,0.0571428571428571,-0.8721804511278195,-0.0202256096493327,0.0006054967314794,-0.0006304954263942,0.0012359921578737,0.0006054967314794,0.0006304954263942,0.0006054967314794,,,-3.149865347484848e-05,-3.149865347484848e-05,,0,0,0,False,0,0,-1.0,0.5,0,0,0,1,1,3,acquisition_stochastic,1.606461411423254,1.606461411423254,1.606461411423254,0.1008430957154988,0.6680977746841045,0.9959750765993504,0.6654087323168564,clean,False,,"0.05833333,1.24550000",phase_qwindow_boundary_sensitive
0.0653333333333333,1.2455,FFLO,2,0.0,0.0100916428010508,0.5802254658788603,0.3057097910490419,0.3044811320754717,0.0345864661654135,-0.8721804511278195,-0.0097905995319201,0.0001214031420528,-0.0001238038656679,0.0002452070077207,0.0001214031420528,0.0001238038656679,0.0001214031420528,,,-3.914771880442203e-06,-3.914771880442203e-06,,0,0,0,False,0,0,-1.0,0.5,0,0,0,1,1,5,acquisition_stochastic,0.9538181814664268,0.9538181814664268,0.9538181814664268,0.4767144394201908,0.6247748931719801,0.8630010595116903,0.539181394763722,clean,False,,"0.06533333,1.24550000",phase_qwindow_boundary_sensitive
0.0746666666666666,1.2455,normal,0,0.0,0.0156272282361804,0.5802252669020564,0.3076506989001082,0.303106736923148,0.0,-1.0,0.0,0.0,0.0,0.0,0.0,0.0,0.0,,,0.0,0.0,1.0068151423681115e-08,2,0,0,False,0,0,-1.0,0.5,0,0,0,1,1,11,acquisition_stochastic,0.8287218844474594,0.8287218844474594,0.8287218844474594,0.0446847775042182,0.6091875692256797,0.6584324856265228,0.4011088854180437,near_normal_unreliable,False,,"0.07466667,1.24550000",phase_qwindow_boundary_sensitive
0.077,1.2455,normal,0,0.0,0.0162410112841184,0.5802254658788603,0.3082748402593044,0.3025611603845874,0.0,-1.0,0.0,0.0,0.0,0.0,0.0,0.0,0.0,,,0.0,0.0,1.3952654143167821e-08,2,0,0,False,0,0,-1.0,0.5,0,0,0,1,1,6,acquisition_stochastic,0.5562216232030017,0.5562216232030017,0.5562216232030017,0.1996544623538636,0.698226583940335,0.3959458555925779,0.2764599221757388,near_normal_unreliable,False,,"0.07700000,1.24550000",phase_qwindow_boundary_sensitive
0.0793333333333333,1.2455,normal,0,0.0,0.0178340364174314,0.5802203792323763,0.3089539188330461,0.3020155838460269,0.0,-1.0,0.0,0.0,0.0,0.0,0.0,0.0,0.0,,,0.0,0.0,1.776843827627772e-08,2,0,0,False,0,0,-1.0,0.5,0,0,0,1,1,12,acquisition_stochastic,0.6027329051855701,0.6027329051855701,0.6027329051855701,0.0304748303314402,0.6197564219150014,0.4862957167784453,0.3013848934232002,near_normal_unreliable,False,,"0.07933333,1.24550000",phase_qwindow_boundary_sensitive
0.0606666666666666,1.2388750000000002,FFLO,2,2.0,0.0174872056290472,0.5771005022453546,0.3019574972258056,0.3013561320754718,0.0541353383458646,-0.8609022556390977,-0.0199336663930749,0.0004782662975129,-0.0004977213088621,0.000975987606375,0.0004782662975129,0.0004977213088621,0.0004782662975129,,,-2.355261760489391e-05,-2.355261760489391e-05,,0,0,0,False,0,0,-1.0,0.5,0,0,0,1,1,12,acquisition_stochastic,0.7183894981710964,0.7183894981710964,0.7183894981710964,0.0010961375354382,0.4683848628584519,0.7558498564838679,0.354028631370777,clean,False,,"0.06066667,1.23887500",phase_qwindow_boundary_sensitive
0.063,1.2388750000000002,FFLO,2,2.0,0.0148418192404738,0.5770953880547501,0.3022489394534143,0.3013561320754718,0.0466165413533834,-0.8609022556390977,-0.0203745765006772,0.0003066817180499,-0.0003194386554994,0.0006261203735493,0.0003066817180499,0.0003194386554994,0.0003066817180499,,,-1.333094883149144e-05,-1.333094883149144e-05,,0,0,0,False,0,0,-1.0,0.5,0,0,0,1,1,8,acquisition_stochastic,1.298757008977919,1.298757008977919,1.298757008977919,0.6000218068470676,0.5111120832016713,0.9714985116436772,0.4965446281135229,clean,False,,"0.06300000,1.23887500",phase_qwindow_boundary_sensitive
0.0676666666666666,1.2388750000000002,FFLO,2,2.0,0.0123855052517937,0.5770953880547501,0.303002921779746,0.3013561320754718,0.0270676691729323,-0.8609022556390977,-0.0079877179519533,4.950785221558044e-05,-5.030513016679413e-05,9.981298238237456e-05,4.950785221558044e-05,5.030513016679413e-05,4.950785221558044e-05,,,-1.2227085737226415e-06,-1.2227085737226415e-06,,0,0,0,False,0,0,-1.0,0.5,0,0,0,1,1,17,acquisition_stochastic,1.5430619651269712,1.5430619651269712,1.5430619651269712,0.1858392790372169,0.5265062588487325,0.9998676978784484,0.5264366009536766,clean,False,,"0.06766667,1.23887500",phase_qwindow_boundary_sensitive
0.07,1.2388750000000002,normal,0,0.0,0.0131165789999983,0.577120356908771,0.3034650367728889,0.3010997946563002,0.0,-1.0,0.0,0.0,0.0,0.0,0.0,0.0,0.0,,,0.0,0.0,7.256328871108052e-10,3,1,1,False,1,0,-1.0,0.5,0,0,0,0,1,16,acquisition_stochastic,1.3720589317669565,1.3720589317669565,1.3720589317669565,0.0039368585441099,0.5737350293394362,0.9777383955675948,0.5609627670672673,delta_ambiguous,False,,"0.07000000,1.23887500",near_zero_delta_refinement;phase_qwindow_boundary_sensitive
0.0746666666666666,1.2388750000000002,normal,0,0.0,0.0125027851835372,0.5771003021911033,0.3045582228133947,0.3000086415791791,0.0,-1.0,0.0,0.0,0.0,0.0,0.0,0.0,0.0,,,0.0,0.0,8.776938731358541e-09,3,1,1,False,1,0,-1.0,0.5,0,0,0,0,1,15,acquisition_stochastic,0.6378740907850635,0.6378740907850635,0.6378740907850635,0.3266293123496153,0.6224582189182302,0.5328823636811753,0.3316970069899209,delta_ambiguous,False,,"0.07466667,1.23887500",near_zero_delta_refinement;phase_qwindow_boundary_sensitive
0.077,1.2388750000000002,normal,0,0.0,0.0132619690291775,0.5771005022453546,0.3051886886606841,0.2994630650406186,0.0,-1.0,0.0,0.0,0.0,0.0,0.0,0.0,0.0,,,0.0,0.0,1.2679881145061245e-08,2,0,0,False,0,0,-1.0,0.5,0,0,0,1,1,16,acquisition_stochastic,0.759619773488774,0.759619773488774,0.759619773488774,0.0539729872979585,0.6303994823099418,0.5795452868745771,0.3653450488209001,near_normal_unreliable,False,,"0.07700000,1.23887500",phase_qwindow_boundary_sensitive
0.0793333333333333,1.2388750000000002,normal,0,0.0,0.0151710985079615,0.5770953880547501,0.30587461894022,0.298917488502058,0.0,-1.0,0.0,0.0,0.0,0.0,0.0,0.0,0.0,,,0.0,0.0,1.651374859079624e-08,2,0,0,False,0,0,-1.0,0.5,0,0,0,1,1,1,acquisition_stochastic,0.9111158420956068,0.9111158420956068,0.9111158420956068,0.2918027165390781,0.6917355233850059,0.6611037950236475,0.4573089796624964,near_normal_unreliable,False,,"0.07933333,1.23887500",clean_high_JA_boundary_control;phase_qwindow_boundary_sensitive
0.0583333333333333,1.23225,FFLO,2,2.0,0.0226542799289654,0.5739703969731912,0.2986021615507524,0.298245982116722,0.0601503759398496,-0.849624060150376,-0.022043801497763,0.0007354486292958,-0.0007686036593899,0.0015040522886857,0.0007354486292958,0.0007686036593899,0.0007354486292958,,,-4.0917068111490096e-05,-4.0917068111490096e-05,,0,0,0,False,0,0,-1.0,0.5,0,0,0,1,1,10,acquisition_stochastic,0.6843678031603544,0.6843678031603544,0.6843678031603544,0.0026949495537916,0.4328061537050847,0.5792838329163793,0.2507176076280771,clean,False,,"0.05833333,1.23225000",phase_qwindow_boundary_sensitive
0.0606666666666666,1.23225,FFLO,2,2.0,0.0198235066154307,0.5739755390078399,0.2988387858535111,0.2982311320754717,0.0556390977443609,-0.849624060150376,-0.0208691646533971,0.0005386532066997,-0.0005616148826186,0.0011002680893183,0.0005386532066997,0.0005616148826186,0.0005386532066997,,,-2.761134382067709e-05,-2.761134382067709e-05,,0,0,0,False,0,0,-1.0,0.5,0,0,0,1,1,4,acquisition_stochastic,1.597321889243647,1.597321889243647,1.597321889243647,0.3186202104891922,0.5986731514189108,0.9999575505461944,0.5986477380706249,clean,False,,"0.06066667,1.23225000",phase_qwindow_boundary_sensitive
0.0723333333333333,1.23225,normal,0,0.0,0.010154915035721,0.573970498301966,0.3008858562675043,0.2974561227737707,0.0,-1.0,0.0,0.0,0.0,0.0,0.0,0.0,0.0,,,0.0,0.0,3.4863394393624962e-09,3,1,1,False,1,0,-1.0,0.5,0,0,0,0,1,5,acquisition_stochastic,0.7550296708008113,0.7550296708008113,0.7550296708008113,0.0193408144811514,0.6669231030860514,0.6203359683261916,0.4137163889519942,delta_ambiguous,False,,"0.07233333,1.23225000",near_zero_delta_refinement;phase_qwindow_boundary_sensitive
0.0746666666666666,1.23225,normal,0,0.0,0.0093787132563949,0.5739753378644091,0.301466417504142,0.2969105462352102,0.0,-1.0,0.0,0.0,0.0,0.0,0.0,0.0,0.0,,,0.0,0.0,7.488454079052076e-09,3,1,1,False,1,0,-1.0,0.5,0,0,0,0,1,10,acquisition_stochastic,0.9853146912305364,0.9853146912305364,0.9853146912305364,0.5135826499184551,0.593843628563525,0.821642588548848,0.4879272161661753,delta_ambiguous,False,,"0.07466667,1.23225000",near_zero_delta_refinement;phase_qwindow_boundary_sensitive
0.077,1.23225,normal,0,0.0,0.0103692066972774,0.5739755390078399,0.3021033357742947,0.2963649696966496,0.0,-1.0,0.0,0.0,0.0,0.0,0.0,0.0,0.0,,,0.0,0.0,1.1410799638511548e-08,2,0,0,False,0,0,-1.0,0.5,0,0,0,1,1,7,acquisition_stochastic,0.7893785439744059,0.7893785439744059,0.7893785439744059,0.4029999343098484,0.6247760278135864,0.6612974889822933,0.4131628183694562,near_normal_unreliable,False,,"0.07700000,1.23225000",phase_qwindow_boundary_sensitive
0.0583333333333333,1.2256250000000002,FFLO,2,2.0,0.0248981264941635,0.5708454059892771,0.2954810855745423,0.2951211393619514,0.0631578947368421,-0.8383458646616542,-0.0225379346439782,0.0008021565966878,-0.0008391482173166,0.0016413048140044,0.0008021565966878,0.0008391482173166,0.0008021565966878,,,-4.60450861867745e-05,-4.60450861867745e-05,,0,0,0,False,0,0,-1.0,0.5,0,0,0,1,1,11,acquisition_stochastic,0.6214300711179702,0.6214300711179702,0.6214300711179702,0.0009160704284699,0.4193168506303225,0.5566808072226094,0.2334256428909302,clean,False,,"0.05833333,1.22562500",phase_qwindow_boundary_sensitive
0.0606666666666666,1.2256250000000002,FFLO,2,2.0,0.022353337968891,0.5708505761728199,0.295720207256672,0.2951061320754718,0.0586466165413533,-0.8383458646616542,-0.020551205576489,0.0005994268582185,-0.0006245817099299,0.0012240085681485,0.0005994268582185,0.0006245817099299,0.0005994268582185,,,-3.194413740859048e-05,-3.194413740859048e-05,,0,0,0,False,0,0,-1.0,0.5,0,0,0,1,1,15,acquisition_stochastic,0.6500202149208788,0.6500202149208788,0.6500202149208788,0.0277572682884292,0.3869426973652389,0.7566232745260182,0.2927698507344171,clean,False,,"0.06066667,1.22562500",phase_qwindow_boundary_sensitive
0.0653333333333333,1.2256250000000002,FFLO,2,2.0,0.0175531654930715,0.5708505761728199,0.2963736589878287,0.2951061320754718,0.0451127819548872,-0.8383458646616542,-0.0155646272276853,0.0002528001288437,-0.0002607940304799,0.0005135941593237,0.0002528001288437,0.0002607940304799,0.0002528001288437,,,-1.0509220624177472e-05,-1.0509220624177472e-05,,0,0,0,False,0,0,-1.0,0.5,0,0,0,1,1,13,acquisition_stochastic,0.7426447063615729,0.7426447063615729,0.7426447063615729,0.0029422866466088,0.4271703519632249,0.739730868670378,0.3159910955279875,clean,False,,"0.06533333,1.22562500",phase_qwindow_boundary_sensitive
0.0723333333333333,1.2256250000000002,normal,0,0.0,0.0073684580736213,0.570845507872758,0.2977887162928737,0.2943580274298019,0.0,-1.0,0.0,0.0,0.0,0.0,0.0,0.0,0.0,,,0.0,0.0,2.181520297739325e-09,3,1,1,False,1,0,-1.0,0.5,0,0,0,0,1,2,acquisition_stochastic,0.9521592639360096,0.9521592639360096,0.9521592639360096,0.0062511441981194,0.7817109120818124,0.7700522456518754,0.6019582432991754,delta_ambiguous,False,,"0.07233333,1.22562500",near_zero_delta_refinement;phase_qwindow_boundary_sensitive
0.077,1.2256250000000002,normal,0,0.0,0.0076610914712503,0.5708505761728199,0.2990188063240915,0.2932668743526807,0.0,-1.0,0.0,0.0,0.0,0.0,0.0,0.0,0.0,,,0.0,0.0,1.0145050577392569e-08,2,0,0,False,0,0,-1.0,0.5,0,0,0,1,1,19,acquisition_stochastic,0.745455791108018,0.745455791108018,0.745455791108018,0.0340365631467363,0.6083120685003364,0.6108014361454952,0.3715578850646423,near_normal_unreliable,False,,"0.07700000,1.22562500",phase_qwindow_boundary_sensitive
0.0816666666666666,1.2256250000000002,normal,0,0.0,0.0142119442571346,0.5708706482063227,0.3004750612089137,0.2921757212755596,0.0,-1.0,0.0,0.0,0.0,0.0,0.0,0.0,0.0,,,0.0,0.0,1.7820191100526017e-08,2,0,0,False,0,0,-1.0,0.5,0,0,0,1,1,11,acquisition_stochastic,0.5783697620613452,0.5783697620613452,0.5783697620613452,0.0075648308517923,0.6419818010930771,0.3992979012798333,0.256341985836313,near_normal_unreliable,False,,"0.08166667,1.22562500",phase_qwindow_boundary_sensitive
0.084,1.2256250000000002,normal,0,0.0,0.0180473325292065,0.5708861579306687,0.3012869955347255,0.291630144736999,0.0,-1.0,0.0,0.0,0.0,0.0,0.0,0.0,0.0,,,0.0,0.0,2.1567438057701335e-08,2,0,0,False,0,0,-1.0,0.5,0,0,0,1,1,7,acquisition_stochastic,0.5347594740485229,0.5347594740485229,0.5347594740485229,0.0014163508977007,0.6585005862486328,0.3623582246513155,0.2386131033649051,near_normal_unreliable,False,,"0.08400000,1.22562500",phase_qwindow_boundary_sensitive
0.0606666666666666,1.219,FFLO,2,2.0,0.0249327258417773,0.5677256137469405,0.2926017656806897,0.2919811320754716,0.0601503759398496,-0.8270676691729324,-0.0207552540653469,0.0006637419212243,-0.0006918781604352,0.0013556200816595,0.0006637419212243,0.0006918781604352,0.0006637419212243,,,-3.658569723308247e-05,-3.658569723308247e-05,,0,0,0,False,0,0,-1.0,0.5,0,0,0,1,1,16,acquisition_stochastic,0.4960240268588232,0.4960240268588232,0.4960240268588232,0.0028403656579517,0.3969376091072571,0.4740359451152465,0.1881626946849449,clean,False,,"0.06066667,1.21900000",phase_qwindow_boundary_sensitive
0.0653333333333333,1.219,FFLO,2,2.0,0.0166978065573642,0.5677256137469405,0.2932621660585661,0.2919811320754716,0.0481203007518796,-0.8270676691729324,-0.0161776300566239,0.0003025722655123,-0.0003125230499758,0.0006150953154881,0.0003025722655123,0.0003125230499758,0.0003025722655123,,,-1.336990475797606e-05,-1.336990475797606e-05,,0,0,0,False,0,0,-1.0,0.5,0,0,0,1,1,14,acquisition_stochastic,0.7282041904237386,0.7282041904237386,0.7282041904237386,0.0381602048125704,0.3744883327178296,0.7267023079315448,0.272141535679483,clean,False,,"0.06533333,1.21900000",phase_qwindow_boundary_sensitive
0.0746666666666666,1.219,normal,0,0.0,0.0031361221828364,0.5677254103891798,0.2952849034946389,0.2907143555472722,0.0,-1.0,0.0,0.0,0.0,0.0,0.0,0.0,0.0,,,0.0,0.0,4.918357499050785e-09,3,1,1,False,1,0,-1.0,0.5,0,0,0,0,1,15,acquisition_stochastic,0.7596089917246802,0.7596089917246802,0.7596089917246802,0.001069206055175,0.5752218354905607,0.7200480021807123,0.4141873334557006,delta_ambiguous,False,,"0.07466667,1.21900000",near_zero_delta_refinement;phase_qwindow_boundary_sensitive
0.0793333333333333,1.219,normal,0,0.0,0.0091475600538216,0.5677204151046205,0.2966424542448528,0.2896232024701511,0.0,-1.0,0.0,0.0,0.0,0.0,0.0,0.0,0.0,,,0.0,0.0,1.2769586277272538e-08,2,0,0,False,0,0,-1.0,0.5,0,0,0,1,1,3,acquisition_stochastic,0.6335210048833498,0.6335210048833498,0.6335210048833498,0.0073517446713498,0.7989118453728311,0.4662240675743509,0.3724719301830522,near_normal_unreliable,False,,"0.07933333,1.21900000",phase_qwindow_boundary_sensitive
0.0863333333333333,1.219,normal,0,0.0,0.0213274098402462,0.5677256137469405,0.2991028576759731,0.2879864728544694,0.0,-1.0,0.0,0.0,0.0,0.0,0.0,0.0,0.0,,,0.0,0.0,2.4066123982535718e-08,2,0,0,False,0,0,-1.0,0.5,0,0,0,1,1,12,acquisition_stochastic,0.4747674665772038,0.4747674665772038,0.4747674665772038,0.0071293395831014,0.6640634633977173,0.2922924705126097,0.1941007502936788,near_normal_unreliable,False,,"0.08633333,1.21900000",phase_qwindow_boundary_sensitive
0.0606666666666666,1.2123750000000002,FFLO,2,2.0,0.024736111111111,0.5646006517369958,0.2894834655537092,0.2888561320754717,0.0616541353383458,-0.8157894736842105,-0.0244017771865731,0.000726126111032,-0.0007624500139593,0.0014885761249914,0.000726126111032,0.0007624500139593,0.000726126111032,,,-4.148373608625633e-05,-4.148373608625633e-05,,0,0,0,False,0,0,-1.0,0.5,0,0,0,1,1,3,acquisition_stochastic,1.3878181840412356,1.3878181840412356,1.3878181840412356,0.7393637736213073,0.6046809521480794,0.9809404209636378,0.5931559877488303,clean,False,,"0.06066667,1.21237500",phase_qwindow_boundary_sensitive
0.0653333333333333,1.2123750000000002,FFLO,2,2.0,0.0164027777777776,0.5646006517369958,0.2901509634498744,0.2888561320754717,0.0511278195488721,-0.8157894736842105,-0.0184178111934052,0.0003549990288886,-0.0003683210006246,0.0007233200295133,0.0003549990288886,0.0003683210006246,0.0003549990288886,,,-1.6542498578742126e-05,-1.6542498578742126e-05,,0,0,0,False,0,0,-1.0,0.5,0,0,0,1,1,9,acquisition_stochastic,0.9686183539040508,0.9686183539040508,0.9686183539040508,0.0550601526319773,0.5284354023075825,0.9337962093244996,0.4934509755476874,clean,False,,"0.06533333,1.21237500",phase_qwindow_boundary_sensitive
0.07,1.2123750000000002,FFLO,2,2.0,0.0080694444444442,0.564620945952687,0.2910556222471643,0.2887074132804245,0.031578947368421,-0.8157894736842105,-0.0084372515920317,7.735574683564948e-05,-7.867219382640181e-05,0.000156027940662,7.735574683564948e-05,7.867219382640181e-05,7.735574683564948e-05,,,-2.2503233134685274e-06,-2.2503233134685274e-06,,0,0,0,False,0,0,-1.0,0.5,0,0,0,1,1,11,acquisition_stochastic,1.4432781303842086,1.4432781303842086,1.4432781303842086,0.377545429257271,0.4908100730587788,0.990909560648516,0.4863483938565405,clean,False,,"0.07000000,1.21237500",phase_qwindow_boundary_sensitive
0.0746666666666666,1.2123750000000002,normal,0,0.0,0.0002638888888889,0.5646004472536863,0.2921952391490431,0.2876162602033034,0.0,-1.0,0.0,0.0,0.0,0.0,0.0,0.0,0.0,,,0.0,0.0,3.638049861365289e-09,3,1,1,False,1,0,-1.0,0.5,0,0,0,0,1,18,acquisition_stochastic,0.929732428977696,0.929732428977696,0.929732428977696,0.1851227399431435,0.5576524804241167,0.8955170314147151,0.4993872938304575,delta_ambiguous,False,,"0.07466667,1.21237500",near_zero_delta_refinement;phase_qwindow_boundary_sensitive
0.0793333333333333,1.2123750000000002,normal,0,0.0,0.0085972222222223,0.5645954243208694,0.293567077871375,0.2865251071261823,0.0,-1.0,0.0,0.0,0.0,0.0,0.0,0.0,0.0,,,0.0,0.0,1.1523827891934957e-08,2,0,0,False,0,0,-1.0,0.5,0,0,0,1,1,6,acquisition_stochastic,0.6783013674184007,0.6783013674184007,0.6783013674184007,0.0393551486541118,0.6891420931347126,0.557250509893485,0.3840247827883821,near_normal_unreliable,False,,"0.07933333,1.21237500",phase_qwindow_boundary_sensitive
0.084,1.2123750000000002,normal,0,0.0,0.0169305555555557,0.5646366273470402,0.2951679005708417,0.2854339540490611,0.0,-1.0,0.0,0.0,0.0,0.0,0.0,0.0,0.0,,,0.0,0.0,1.9149253516204112e-08,2,0,0,False,0,0,-1.0,0.5,0,0,0,1,1,17,acquisition_stochastic,0.4847625743856938,0.4847625743856938,0.4847625743856938,0.2375463963928065,0.6756303897537693,0.2869867930359895,0.1938969988330899,near_normal_unreliable,False,,"0.08400000,1.21237500",phase_qwindow_boundary_sensitive
0.0606666666666666,1.20575,FFLO,2,2.0,0.0247363090547674,0.5614756901499302,0.286365311496546,0.2857311320754717,0.0631578947368421,-0.8045112781954887,-0.020700050117966,0.0007965941971714,-0.0008302703753579,0.0016268645725294,0.0007965941971714,0.0008302703753579,0.0007965941971714,,,-4.663357035306071e-05,-4.663357035306071e-05,,0,0,0,False,0,0,-1.0,0.5,0,0,0,1,1,19,acquisition_stochastic,0.4491187692858107,0.4491187692858107,0.4491187692858107,0.0077331818272118,0.3612618452948558,0.3908221463798285,0.1411891297832731,clean,False,,"0.06066667,1.20575000",phase_qwindow_boundary_sensitive
0.063,1.20575,FFLO,2,0.0,0.0205696824842975,0.5614704336397087,0.2866726057689418,0.2857311320754717,0.0586466165413533,-0.8045112781954887,-0.0194222148731811,0.0005943226366524,-0.0006178660253119,0.0012121886619644,0.0005943226366524,0.0006178660253119,0.0005943226366524,,,-3.223472126578919e-05,-3.223472126578919e-05,,0,0,0,False,0,0,-1.0,0.5,0,0,0,1,1,1,acquisition_stochastic,1.651787748053139,1.651787748053139,1.651787748053139,0.7250482899850315,0.4855130939339626,0.9993123868637948,0.485179248752774,clean,False,,"0.06300000,1.20575000",phase_qwindow_boundary_sensitive
0.0653333333333333,1.20575,FFLO,2,2.0,0.0164030762840051,0.5614756901499302,0.2870400606020327,0.2857311320754717,0.0526315789473684,-0.8045112781954887,-0.0213484117091346,0.0004076055965498,-0.0004253887017819,0.0008329942983318,0.0004076055965498,0.0004253887017819,0.0004076055965498,,,-2.00377821559794e-05,-2.00377821559794e-05,,0,0,0,False,0,0,-1.0,0.5,0,0,0,1,1,12,acquisition_stochastic,0.6968942056574394,0.6968942056574394,0.6968942056574394,0.0123730323815711,0.4176151108397102,0.771204201206117,0.3220665279667427,clean,False,,"0.06533333,1.20575000",phase_qwindow_boundary_sensitive
0.07,1.20575,FFLO,2,0.0,0.0080700512014304,0.5614960973114658,0.2879544930040374,0.2856093179364555,0.0360902255639097,-0.8045112781954887,-0.0122881788762982,0.0001123638943214,-0.0001151597455062,0.0002275236398276,0.0001123638943214,0.0001151597455062,0.0001123638943214,,,-3.713390466009159e-06,-3.713390466009159e-06,,0,0,0,False,0,0,-1.0,0.5,0,0,0,1,1,6,acquisition_stochastic,1.4644719438148934,1.4644719438148934,1.4644719438148934,0.0215829199573766,0.5781860157217376,0.9932954747358088,0.5743095529719292,clean,False,,"0.07000000,1.20575000",phase_qwindow_boundary_sensitive
0.0746666666666666,1.20575,normal,0,0.0,0.0002309027777778,0.5614754845285435,0.289106334383899,0.2845181648593344,0.0,-1.0,0.0,0.0,0.0,0.0,0.0,0.0,0.0,,,0.0,0.0,2.3614807886929157e-09,3,1,1,False,1,0,-1.0,0.5,0,0,0,0,1,13,acquisition_stochastic,1.5472025557750322,1.5472025557750322,1.5472025557750322,0.6618836220869166,0.5109474339913066,0.999765992806618,0.5108278686163126,delta_ambiguous,False,,"0.07466667,1.20575000",near_zero_delta_refinement;phase_qwindow_boundary_sensitive
0.077,1.20575,normal,0,0.0,0.0043975694444446,0.5614756901499302,0.2897704215134274,0.2839725883207739,0.0,-1.0,0.0,0.0,0.0,0.0,0.0,0.0,0.0,,,0.0,0.0,6.356888127001525e-09,3,1,1,False,1,0,-1.0,0.5,0,0,0,0,1,4,acquisition_stochastic,0.8423004510225365,0.8423004510225365,0.8423004510225365,0.4520193298649581,0.7054143120386239,0.7436726957241843,0.5245973630361843,delta_ambiguous,False,,"0.07700000,1.20575000",near_zero_delta_refinement;phase_qwindow_boundary_sensitive
0.084,1.20575,normal,0,0.0,0.0168975694444446,0.5615118659737658,0.2921104317324641,0.2823358587050921,0.0,-1.0,0.0,0.0,0.0,0.0,0.0,0.0,0.0,,,0.0,0.0,1.7940383623127332e-08,2,0,0,False,0,0,-1.0,0.5,0,0,0,1,1,10,acquisition_stochastic,0.6201087032151207,0.6201087032151207,0.6201087032151207,0.0068303647322257,0.6354656659458917,0.4662788572011597,0.2963042045078243,near_normal_unreliable,False,,"0.08400000,1.20575000",phase_qwindow_boundary_sensitive
0.0863333333333333,1.20575,normal,0,0.0,0.0210642361111112,0.5614756901499302,0.2930048085253722,0.2817902821665316,0.0,-1.0,0.0,0.0,0.0,0.0,0.0,0.0,0.0,,,0.0,0.0,2.1684903872554173e-08,2,0,0,False,0,0,-1.0,0.5,0,0,0,1,1,7,acquisition_stochastic,0.5629990717175357,0.5629990717175357,0.5629990717175357,0.0603583841112498,0.6770985285472411,0.3917677130092545,0.2652653420108841,near_normal_unreliable,False,,"0.08633333,1.20575000",phase_qwindow_boundary_sensitive
0.0653333333333333,1.1991250000000002,FFLO,2,2.0,0.016435991974531,0.5583507289928441,0.2839294673681246,0.2826061320754717,0.0556390977443609,-0.793233082706767,-0.0192570093468453,0.0004662180385257,-0.0004845265356776,0.0009507445742034,0.0004662180385257,0.0004845265356776,0.0004662180385257,,,-2.3828202273312726e-05,-2.3828202273312726e-05,,0,0,0,False,0,0,-1.0,0.5,0,0,0,1,1,7,acquisition_stochastic,0.8277700438737945,0.8277700438737945,0.8277700438737945,0.1868323467927393,0.490896884500127,0.8437443886880139,0.4141914917214103,clean,False,,"0.06533333,1.19912500",phase_qwindow_boundary_sensitive
0.0746666666666666,1.1991250000000002,normal,0,0.0,0.0001649305555555,0.5583505222206412,0.2860182138088816,0.2814200695153656,0.0,-1.0,0.0,0.0,0.0,0.0,0.0,0.0,0.0,,,0.0,0.0,1.0892706736598255e-09,3,1,1,False,1,0,-1.0,0.5,0,0,0,0,1,8,acquisition_stochastic,1.1744603544039718,1.1744603544039718,1.1744603544039718,0.3050710126861183,0.5517154748840902,0.9539763558866874,0.5263235182162176,delta_ambiguous,False,,"0.07466667,1.19912500",near_zero_delta_refinement;phase_qwindow_boundary_sensitive
0.0793333333333333,1.1991250000000002,normal,0,0.0,0.0084658561650122,0.5583454430628612,0.2874195366689511,0.2803289164382444,0.0,-1.0,0.0,0.0,0.0,0.0,0.0,0.0,0.0,,,0.0,0.0,9.042314452756273e-09,3,1,1,False,1,0,-1.0,0.5,0,0,0,0,1,4,acquisition_stochastic,0.804841464056824,0.804841464056824,0.804841464056824,0.0032659904118659,0.7197308247133183,0.6992714318819475,0.503287204366857,delta_ambiguous,False,,"0.07933333,1.19912500",near_zero_delta_refinement;phase_qwindow_boundary_sensitive
0.084,1.1991250000000002,normal,0,0.0,0.0158778568418608,0.558387107271327,0.2890544072946387,0.2792377633611233,0.0,-1.0,0.0,0.0,0.0,0.0,0.0,0.0,0.0,,,0.0,0.0,1.6733474828001252e-08,2,0,0,False,0,0,-1.0,0.5,0,0,0,1,1,13,acquisition_stochastic,0.6818504600185705,0.6818504600185705,0.6818504600185705,0.0376447462827851,0.6358064108873412,0.5601621880504583,0.3561547102991618,near_normal_unreliable,False,,"0.08400000,1.19912500",phase_qwindow_boundary_sensitive
0.0863333333333333,1.1991250000000002,normal,0,0.0,0.0193296175768793,0.5583507289928441,0.2899582105554495,0.2786921868225627,0.0,-1.0,0.0,0.0,0.0,0.0,0.0,0.0,0.0,,,0.0,0.0,2.0493442498548123e-08,2,0,0,False,0,0,-1.0,0.5,0,0,0,1,1,14,acquisition_stochastic,0.7504737820186256,0.7504737820186256,0.7504737820186256,0.0233044141261064,0.607113556710909,0.457050538382357,0.2774815779539486,near_normal_unreliable,False,,"0.08633333,1.19912500",phase_qwindow_boundary_sensitive
0.063,1.1925,FFLO,2,2.0,0.0208512456644068,0.5552204525920875,0.2804435883514038,0.2794811320754716,0.0631578947368421,-0.7857142857142857,-0.0221744862497917,0.000720723323637,-0.0007534115061504,0.0014741348297875,0.000720723323637,0.0007534115061504,0.000720723323637,,,-4.182467305824389e-05,-4.182467305824389e-05,,0,0,0,False,0,0,-1.0,0.5,0,0,0,1,1,10,acquisition_stochastic,0.6451614256318676,0.6451614256318676,0.6451614256318676,0.0152777665054642,0.3647277993621573,0.5330789973199633,0.1944287295786955,clean,False,,"0.06300000,1.19250000",clean_high_JA_boundary_control;phase_qwindow_boundary_sensitive
0.07,1.1925,FFLO,2,2.0,0.0087157146504783,0.5552464051401026,0.2817538169932553,0.2794131272485176,0.0421052631578947,-0.7819548872180451,-0.0167170407156489,0.0001935501249608,-0.0002001313135981,0.000393681438559,0.0001935501249608,0.0002001313135981,0.0001935501249608,,,-7.675738149970357e-06,-7.675738149970357e-06,,0,0,0,False,0,0,-1.0,0.5,0,0,0,1,1,14,acquisition_stochastic,0.7851462896605302,0.7851462896605302,0.7851462896605302,0.0044086364622299,0.3618594728597769,0.7934411641818442,0.2871142014160898,clean,False,,"0.07000000,1.19250000",phase_qwindow_boundary_sensitive
0.0723333333333333,1.1925,FFLO,2,2.0,0.0050434027777778,0.5552205573427618,0.2823122270625184,0.2788675507099571,0.031578947368421,-0.7819548872180451,-0.0168467369514632,7.088707320712599e-05,-7.331643172214851e-05,0.0001442035049292,7.088707320712599e-05,7.331643172214851e-05,7.088707320712599e-05,,,-2.077772129238653e-06,-2.077772129238653e-06,,0,0,0,False,0,0,-1.0,0.5,0,0,0,1,1,12,acquisition_stochastic,1.2102106591416066,1.2102106591416066,1.2102106591416066,0.6447811129378627,0.4578606283827729,0.9767505747791574,0.4472156319416196,clean,False,,"0.07233333,1.19250000",phase_qwindow_boundary_sensitive
0.077,1.1925,normal,0,0.0,0.0052568988627301,0.5552257682729975,0.2836094507119358,0.2777763976328359,0.0,-1.0,0.0,0.0,0.0,0.0,0.0,0.0,0.0,,,0.0,0.0,3.850841645558489e-09,3,1,1,False,1,0,-1.0,0.5,0,0,0,0,1,2,acquisition_stochastic,1.0083349496655625,1.0083349496655625,1.0083349496655625,0.0139967603672575,0.7744100037561003,0.8102036369801716,0.6274298015570208,delta_ambiguous,False,,"0.07700000,1.19250000",near_zero_delta_refinement;phase_qwindow_boundary_sensitive
0.0793333333333333,1.1925,normal,0,0.0,0.0078607676312008,0.5552204525920875,0.2843474412730362,0.2772308210942754,0.0,-1.0,0.0,0.0,0.0,0.0,0.0,0.0,0.0,,,0.0,0.0,7.80781550524523e-09,3,1,1,False,1,0,-1.0,0.5,0,0,0,0,1,9,acquisition_stochastic,0.7503309555644382,0.7503309555644382,0.7503309555644382,0.1327996500563147,0.5995948341847476,0.7616115715149654,0.4566583639357007,delta_ambiguous,False,,"0.07933333,1.19250000",near_zero_delta_refinement;phase_qwindow_boundary_sensitive
0.0816666666666666,1.1925,normal,0,0.0,0.0106712230360472,0.5552464051401026,0.2851444132472909,0.2766852445557148,0.0,-1.0,0.0,0.0,0.0,0.0,0.0,0.0,0.0,,,0.0,0.0,1.16992326937293e-08,2,0,0,False,0,0,-1.0,0.5,0,0,0,1,1,2,acquisition_stochastic,0.8617245888774437,0.8617245888774437,0.8617245888774437,0.2207144366469111,0.8200575979782507,0.6553425124802565,0.537418606637591,near_normal_unreliable,False,,"0.08166667,1.19250000",phase_qwindow_boundary_sensitive
0.0863333333333333,1.1925,normal,0,0.0,0.0179501625178826,0.5552257682729975,0.2869132990435378,0.2755940914785937,0.0,-1.0,0.0,0.0,0.0,0.0,0.0,0.0,0.0,,,0.0,0.0,1.930538995331688e-08,2,0,0,False,0,0,-1.0,0.5,0,0,0,1,1,8,acquisition_stochastic,0.6087615186473423,0.6087615186473423,0.6087615186473423,0.0231410286313778,0.623334195896261,0.4054056002813072,0.2527031738631897,near_normal_unreliable,False,,"0.08633333,1.19250000",phase_qwindow_boundary_sensitive
0.0653333333333333,1.185875,FFLO,2,2.0,0.0176149563995396,0.5521008079978151,0.2777092513565285,0.2763561320754716,0.0601503759398496,-0.7744360902255639,-0.021597149296326,0.0005844397952723,-0.0006102415056907,0.0011946813009631,0.0005844397952723,0.0006102415056907,0.0005844397952723,,,-3.23261683079501e-05,-3.23261683079501e-05,,0,0,0,False,0,0,-1.0,0.5,0,0,0,1,1,8,acquisition_stochastic,0.7471373553870396,0.7471373553870396,0.7471373553870396,0.0061231503595964,0.4430332462176192,0.7888040648468566,0.3494664254787563,clean,False,,"0.06533333,1.18587500",phase_qwindow_boundary_sensitive
0.0676666666666666,1.185875,FFLO,2,0.0,0.0138088051979424,0.5520954622291896,0.2781509733998593,0.2763561320754716,0.0541353383458646,-0.7744360902255639,-0.0208681535847882,0.0003998592402834,-0.0004169035720944,0.0008167628123778,0.0003998592402834,0.0004169035720944,0.0003998592402834,,,-1.9914002850507373e-05,-1.9914002850507373e-05,,0,0,0,False,0,0,-1.0,0.5,0,0,0,1,1,1,acquisition_stochastic,1.621970198644778,1.621970198644778,1.621970198644778,0.0298650816580547,0.466296865029685,0.9984381205686044,0.4655685655472709,clean,False,,"0.06766667,1.18587500",phase_qwindow_boundary_sensitive
0.07,1.185875,FFLO,2,2.0,0.010251736111111,0.5521215616678151,0.2786543054391896,0.2763150319045487,0.0451127819548872,-0.7744360902255639,-0.0174088323573937,0.0002382041706274,-0.00024664482552,0.0004848489961475,0.0002382041706274,0.00024664482552,0.0002382041706274,,,-1.0172309016676095e-05,-1.0172309016676095e-05,,0,0,0,False,0,0,-1.0,0.5,0,0,0,1,1,17,acquisition_stochastic,0.7747303924595909,0.7747303924595909,0.7747303924595909,0.203737290231096,0.4128070705316269,0.8418518436030125,0.3475223933794089,clean,False,,"0.07000000,1.18587500",phase_qwindow_boundary_sensitive
0.0723333333333333,1.185875,FFLO,2,2.0,0.0073562420430247,0.5520955675727772,0.2792189142922222,0.2757694553659882,0.0360902255639097,-0.7744360902255639,-0.0131542832996459,0.0001056427156713,-0.0001084590712312,0.0002141017869026,0.0001056427156713,0.0001084590712312,0.0001056427156713,,,-3.4891591922381338e-06,-3.4891591922381338e-06,,0,0,0,False,0,0,-1.0,0.5,0,0,0,1,1,15,acquisition_stochastic,1.4429847041084467,1.4429847041084467,1.4429847041084467,0.1439664181047172,0.4221543926361406,0.9992024100881184,0.4218176865513175,clean,False,,"0.07233333,1.18587500",phase_qwindow_boundary_sensitive
0.077,1.185875,normal,0,0.0,0.0035406249999999,0.5521008079978151,0.2805304423456647,0.2746783022888671,0.0,-1.0,0.0,0.0,0.0,0.0,0.0,0.0,0.0,,,0.0,0.0,2.605869076077738e-09,3,1,1,False,1,0,-1.0,0.5,0,0,0,0,1,16,acquisition_stochastic,1.2746295453171572,1.2746295453171572,1.2746295453171572,0.6526858170507478,0.5203367099989913,0.9779473959782992,0.508861930575429,delta_ambiguous,False,,"0.07700000,1.18587500",near_zero_delta_refinement;phase_qwindow_boundary_sensitive
0.0793333333333333,1.185875,normal,0,0.0,0.0054678274023358,0.5520954622291896,0.2812765114758982,0.2741327257503065,0.0,-1.0,0.0,0.0,0.0,0.0,0.0,0.0,0.0,,,0.0,0.0,6.578578126692491e-09,3,1,1,False,1,0,-1.0,0.5,0,0,0,0,1,14,acquisition_stochastic,1.315322650606505,1.315322650606505,1.315322650606505,0.4924773332118264,0.4832580207721941,0.9706652759958164,0.4690817801100338,delta_ambiguous,False,,"0.07933333,1.18587500",near_zero_delta_refinement;phase_qwindow_boundary_sensitive
0.0816666666666666,1.185875,normal,0,0.0,0.0090543067009609,0.5521215616678151,0.2820821599386784,0.273587149211746,0.0,-1.0,0.0,0.0,0.0,0.0,0.0,0.0,0.0,,,0.0,0.0,1.0485436963136864e-08,2,0,0,False,0,0,-1.0,0.5,0,0,0,1,1,18,acquisition_stochastic,0.7445351335522699,0.7445351335522699,0.7445351335522699,0.0067989953347384,0.6081521567593866,0.645100574898177,0.3923193059510465,near_normal_unreliable,False,,"0.08166667,1.18587500",phase_qwindow_boundary_sensitive
0.084,1.185875,normal,0,0.0,0.012991767600701,0.5521375980603388,0.2829468788050355,0.2730415726731854,0.0,-1.0,0.0,0.0,0.0,0.0,0.0,0.0,0.0,,,0.0,0.0,1.4331619446750212e-08,2,0,0,False,0,0,-1.0,0.5,0,0,0,1,1,1,acquisition_stochastic,0.96056226866554,0.96056226866554,0.96056226866554,0.6025149081507292,0.564995148307759,0.7993937290380568,0.4516535784941494,near_normal_unreliable,False,,"0.08400000,1.18587500",phase_qwindow_boundary_sensitive
0.0863333333333333,1.185875,normal,0,0.0,0.0170385974530887,0.5521008079978151,0.2838701282586368,0.2724959961346249,0.0,-1.0,0.0,0.0,0.0,0.0,0.0,0.0,0.0,,,0.0,0.0,1.8121480760413533e-08,2,0,0,False,0,0,-1.0,0.5,0,0,0,1,1,16,acquisition_stochastic,0.6111051616485766,0.6111051616485766,0.6111051616485766,0.0013325944733406,0.6607507309905792,0.4273461541335069,0.2823692837297274,near_normal_unreliable,False,,"0.08633333,1.18587500",phase_qwindow_boundary_sensitive
0.063,1.17925,FFLO,2,2.0,0.0226711667659227,0.5489704719760093,0.2742155258122127,0.2732311320754716,0.0661654135338345,-0.7631578947368421,-0.0234389884347114,0.0008525428465251,-0.0008934675643525,0.0017460104108777,0.0008525428465251,0.0008934675643525,0.0008525428465251,,,-5.252247959863787e-05,-5.252247959863787e-05,,0,0,0,False,0,0,-1.0,0.5,0,0,0,1,1,11,acquisition_stochastic,0.5232934930671521,0.5232934930671521,0.5232934930671521,0.0030690863235689,0.342781844751306,0.4595665252740884,0.1575310613193997,clean,False,,"0.06300000,1.17925000",phase_qwindow_boundary_sensitive
0.0653333333333333,1.17925,FFLO,2,2.0,0.0189589553501184,0.5489758481748904,0.2745996505615617,0.2732311320754716,0.0616541353383458,-0.7631578947368421,-0.0220104778465573,0.000645497905334,-0.0006745528533136,0.0013200507586477,0.000645497905334,0.0006745528533136,0.000645497905334,,,-3.701562724911511e-05,-3.701562724911511e-05,,0,0,0,False,0,0,-1.0,0.5,0,0,0,1,1,4,acquisition_stochastic,1.0561997847415374,1.0561997847415374,1.0561997847415374,0.0862761100212659,0.5100637239024988,0.9481075181789098,0.4835952513822907,clean,False,,"0.06533333,1.17925000",phase_qwindow_boundary_sensitive
0.07,1.17925,FFLO,2,2.0,0.0123817498241778,0.5489967199774576,0.2755553696434266,0.2732169365605797,0.0481203007518796,-0.7631578947368421,-0.0187381226175152,0.0002864889237805,-0.0002974304771132,0.0005839194008938,0.0002864889237805,0.0002974304771132,0.0002864889237805,,,-1.3009756049120467e-05,-1.3009756049120467e-05,,0,0,0,False,0,0,-1.0,0.5,0,0,0,1,1,5,acquisition_stochastic,1.5611381240598583,1.5611381240598583,1.5611381240598583,0.3336733937073677,0.5526229160596647,0.9990974750954094,0.5521241601150734,clean,False,,"0.07000000,1.17925000",phase_qwindow_boundary_sensitive
0.0723333333333333,1.17925,FFLO,2,2.0,0.0083436915442189,0.5489705779192606,0.2761263151133111,0.2726713600220192,0.0390977443609022,-0.7631578947368421,-0.0152131112530653,0.0001436888644343,-0.0001481283115989,0.0002918171760333,0.0001436888644343,0.0001481283115989,0.0001436888644343,,,-5.267617243509548e-06,-5.267617243509548e-06,,0,0,0,False,0,0,-1.0,0.5,0,0,0,1,1,10,acquisition_stochastic,0.9713610893406944,0.9713610893406944,0.9713610893406944,0.0815382290323983,0.4183470648542309,0.9224351397272172,0.3858980332232836,clean,False,,"0.07233333,1.17925000",phase_qwindow_boundary_sensitive
0.077,1.17925,normal,0,0.0,0.0004156249999999,0.5489758481748904,0.2774524623826261,0.2715802069448981,0.0,-1.0,0.0,0.0,0.0,0.0,0.0,0.0,0.0,,,0.0,0.0,1.3589480651887698e-09,3,1,1,False,1,0,-1.0,0.5,0,0,0,0,1,19,acquisition_stochastic,1.24466569470304,1.24466569470304,1.24466569470304,0.4863104970827123,0.491485609355049,0.9769274812105476,0.4801457983984591,delta_ambiguous,False,,"0.07700000,1.17925000",near_zero_delta_refinement;phase_qwindow_boundary_sensitive
0.0886666666666666,1.17925,normal,0,0.0,0.0208374787802746,0.5489704719760093,0.2818205550193046,0.2688523242520952,0.0,-1.0,0.0,0.0,0.0,0.0,0.0,0.0,0.0,,,0.0,0.0,2.06937493807402e-08,2,0,0,False,0,0,-1.0,0.5,0,0,0,1,1,12,acquisition_stochastic,0.5887112928624482,0.5887112928624482,0.5887112928624482,0.1855930978443857,0.6425987633193065,0.4105303882268726,0.2638063197795832,near_normal_unreliable,False,,"0.08866667,1.17925000",phase_qwindow_boundary_sensitive
0.063,1.172625,FFLO,2,2.0,0.0241315837927686,0.5458454818344314,0.2711018731879155,0.2701061320754717,0.0676691729323308,-0.7518796992481203,-0.0258379557220815,0.0009201382313292,-0.0009689483672177,0.001889086598547,0.0009201382313292,0.0009689483672177,0.0009201382313292,,,-5.8220982900536455e-05,-5.8220982900536455e-05,,0,0,0,False,0,0,-1.0,0.5,0,0,0,1,1,2,acquisition_stochastic,1.0882220665491162,1.0882220665491162,1.0882220665491162,0.2179531788379912,0.5589366321090069,0.9226133232682504,0.5156823836464544,clean,False,,"0.06300000,1.17262500",phase_qwindow_boundary_sensitive
0.0746666666666666,1.172625,FFLO,2,2.0,0.0049700929570519,0.5458506773047576,0.2736741042344641,0.2690276881394898,0.0300751879699248,-0.7518796992481203,-0.0110013945402513,6.443914387110846e-05,-6.58727565003852e-05,0.0001303119003714,6.443914387110846e-05,6.58727565003852e-05,6.443914387110846e-05,,,-1.858127799181375e-06,-1.858127799181375e-06,,0,0,0,False,0,0,-1.0,0.5,0,0,0,1,1,9,acquisition_stochastic,1.5079946869004637,1.5079946869004637,1.5079946869004637,0.0116212336067586,0.5195521510038675,0.9999530582536076,0.5195277623185575,clean,False,,"0.07466667,1.17262500",phase_qwindow_boundary_sensitive
0.0816666666666666,1.172625,normal,0,0.0,0.0087627140393297,0.545871880099632,0.2759618738244955,0.2673909585238082,0.0,-1.0,0.0,0.0,0.0,0.0,0.0,0.0,0.0,,,0.0,0.0,8.061764589228915e-09,3,1,1,False,1,0,-1.0,0.5,0,0,0,0,1,15,acquisition_stochastic,0.7422227021632442,0.7422227021632442,0.7422227021632442,0.0061977897345459,0.5526772679051102,0.6599698828650639,0.3647503517615191,delta_ambiguous,False,,"0.08166667,1.17262500",near_zero_delta_refinement;phase_qwindow_boundary_sensitive
0.084,1.172625,normal,0,0.0,0.0127902585153946,0.5458881000872251,0.2768457098720658,0.2668453819852476,0.0,-1.0,0.0,0.0,0.0,0.0,0.0,0.0,0.0,,,0.0,0.0,1.194113852243106e-08,2,0,0,False,0,0,-1.0,0.5,0,0,0,1,1,5,acquisition_stochastic,0.6730794831540858,0.6730794831540858,0.6730794831540858,0.0137282884336111,0.688950506324121,0.5330579039698041,0.3672505128400712,near_normal_unreliable,False,,"0.08400000,1.17262500",phase_qwindow_boundary_sensitive
0.07,1.166,FFLO,2,2.0,0.0137945616690283,0.542747042065645,0.2693593048112169,0.2669811320754716,0.0541353383458646,-0.7406015037593985,-0.0203312037109536,0.0003906590917457,-0.0004068738974145,0.0007975329891602,0.0003906590917457,0.0004068738974145,0.0003906590917457,,,-1.96119504218828e-05,-1.96119504218828e-05,,0,0,0,False,0,0,-1.0,0.5,0,0,0,1,1,12,acquisition_stochastic,0.671855664249182,0.671855664249182,0.671855664249182,0.0427363216917055,0.362582064279453,0.7793751398848998,0.2825874470675544,clean,False,,"0.07000000,1.16600000",phase_qwindow_boundary_sensitive
0.084,1.166,normal,0,0.0,0.0137945616690283,0.5427633554361793,0.2737976431127491,0.2637472866412786,0.0,-1.0,0.0,0.0,0.0,0.0,0.0,0.0,0.0,,,0.0,0.0,1.0747356560258936e-08,2,0,0,False,0,0,-1.0,0.5,0,0,0,1,1,16,acquisition_stochastic,0.800295055431844,0.800295055431844,0.800295055431844,0.06078775991744,0.5929303722554943,0.7392723835522635,0.4383370495778502,near_normal_unreliable,False,,"0.08400000,1.16600000",phase_qwindow_boundary_sensitive
0.0653333333333333,1.159375,FFLO,2,2.0,0.0226781431816717,0.5396009714982363,0.2652730197119879,0.2638561320754717,0.0676691729323308,-0.7330827067669173,-0.0251387762075536,0.0008422762771078,-0.0008857158853687,0.0017279921624766,0.0008422762771078,0.0008857158853687,0.0008422762771078,,,-5.268812294190184e-05,-5.268812294190184e-05,,0,0,0,False,0,0,-1.0,0.5,0,0,0,1,1,16,acquisition_stochastic,0.4596093587932381,0.4596093587932381,0.4596093587932381,0.0663423782432107,0.293429195839764,0.4152713425293661,0.1218527360936911,clean,False,,"0.06533333,1.15937500",phase_qwindow_boundary_sensitive
0.0676666666666666,1.159375,FFLO,2,2.0,0.0189221610332542,0.5395955018938378,0.2657354148422871,0.2638561320754717,0.0631578947368421,-0.7330827067669173,-0.0227465273442716,0.0006354787645763,-0.0006650615401808,0.0013005403047572,0.0006354787645763,0.0006650615401808,0.0006354787645763,,,-3.686611025011111e-05,-3.686611025011111e-05,,0,0,0,False,0,0,-1.0,0.5,0,0,0,1,1,6,acquisition_stochastic,0.7208957033888231,0.7208957033888231,0.7208957033888231,0.2612811743523019,0.4422251096804984,0.8127113163516912,0.3594013510122089,clean,False,,"0.06766667,1.15937500",phase_qwindow_boundary_sensitive
0.084,1.159375,normal,0,0.0,0.0153792197588377,0.5396386137424196,0.2707513304189375,0.2606491912973097,0.0,-1.0,0.0,0.0,0.0,0.0,0.0,0.0,0.0,,,0.0,0.0,9.561172964467346e-09,3,1,1,False,1,0,-1.0,0.5,0,0,0,0,1,10,acquisition_stochastic,0.8871481984495866,0.8871481984495866,0.8871481984495866,0.0137472625947943,0.5269051111262778,0.8419239602301073,0.4436140378249206,delta_ambiguous,False,,"0.08400000,1.15937500",near_zero_delta_refinement;phase_qwindow_boundary_sensitive
0.0886666666666666,1.159375,normal,0,0.0,0.0226781431816716,0.5395955018938378,0.2727409615917159,0.2595580382201886,0.0,-1.0,0.0,0.0,0.0,0.0,0.0,0.0,0.0,,,0.0,0.0,1.7206475355635575e-08,2,0,0,False,0,0,-1.0,0.5,0,0,0,1,1,3,acquisition_stochastic,0.6940205293588838,0.6940205293588838,0.6940205293588838,0.0034919812832777,0.7944223859249082,0.5169239582358104,0.4106559642434401,near_normal_unreliable,False,,"0.08866667,1.15937500",phase_qwindow_boundary_sensitive
0.0676666666666666,1.1527500000000002,FFLO,2,2.0,0.0205866436535537,0.536470512098813,0.2626327768975738,0.2607311320754717,0.0646616541353383,-0.7218045112781954,-0.0236084081404187,0.0006971577320733,-0.0007308712224685,0.0014280289545418,0.0006971577320733,0.0007308712224685,0.0006971577320733,,,-4.183161662640877e-05,-4.183161662640877e-05,,0,0,0,False,0,0,-1.0,0.5,0,0,0,1,1,11,acquisition_stochastic,0.585485457869648,0.585485457869648,0.585485457869648,0.0140020526817889,0.3212972924055777,0.5476433880681926,0.1759563377901273,clean,False,,"0.06766667,1.15275000",phase_qwindow_boundary_sensitive
0.0723333333333333,1.1527500000000002,FFLO,2,2.0,0.0146791199867386,0.5364706205105804,0.263763556232033,0.2602789786461437,0.0511278195488721,-0.7218045112781954,-0.0187545896661635,0.0003262275760613,-0.0003386979820625,0.0006649255581239,0.0003262275760613,0.0003386979820625,0.0003262275760613,,,-1.5720463108159777e-05,-1.5720463108159777e-05,,0,0,0,False,0,0,-1.0,0.5,0,0,0,1,1,8,acquisition_stochastic,0.8486819453437227,0.8486819453437227,0.8486819453437227,0.1035910767319291,0.4371317781080175,0.9000903601686553,0.3934580995984101,clean,False,,"0.07233333,1.15275000",phase_qwindow_boundary_sensitive
0.077,1.1527500000000002,FFLO,2,2.0,0.0120843749999999,0.5364760135638317,0.2651515426700284,0.2591878255690226,0.0300751879699248,-0.7218045112781954,-0.0118438127752188,5.670696898629716e-05,-5.806632236060551e-05,0.0001147732913469,5.670696898629716e-05,5.806632236060551e-05,5.670696898629716e-05,,,-1.5927896843681566e-06,-1.5927896843681566e-06,,0,0,0,False,0,0,-1.0,0.5,0,0,0,1,1,7,acquisition_stochastic,1.491672774311004,1.491672774311004,1.491672774311004,0.0054403168459836,0.5086675897254889,0.9972730139901352,0.5072804603246359,clean,False,,"0.07700000,1.15275000",phase_qwindow_boundary_sensitive
0.0676666666666666,1.146125,FFLO,2,2.0,0.0225633079504847,0.5333455224233749,0.2595306755481114,0.2576061320754717,0.0661654135338345,-0.7142857142857143,-0.0240476333484325,0.0007628970294297,-0.0008004928561795,0.0015633898856093,0.0007628970294297,0.0008004928561795,0.0007628970294297,,,-4.705386506875797e-05,-4.705386506875797e-05,,0,0,0,False,0,0,-1.0,0.5,0,0,0,1,1,15,acquisition_stochastic,0.5618384973570438,0.5618384973570438,0.5618384973570438,0.0202380880492112,0.2543521688000286,0.5898520759536703,0.1500301547900152,clean,False,,"0.06766667,1.14612500",phase_qwindow_boundary_sensitive
0.07,1.146125,FFLO,2,2.0,0.0196869268269739,0.5333725393507872,0.2600700472698981,0.2576061320754717,0.0601503759398496,-0.7142857142857143,-0.0209351676180505,0.0005614712602077,-0.0005854829386102,0.001146954198818,0.0005614712602077,0.0005854829386102,0.0005614712602077,,,-3.1813393267521306e-05,-3.1813393267521306e-05,,0,0,0,False,0,0,-1.0,0.5,0,0,0,1,1,13,acquisition_stochastic,0.5061884131266474,0.5061884131266474,0.5061884131266474,0.0036725365343895,0.2610112805748973,0.4842335328933193,0.1263904145177919,clean,False,,"0.07000000,1.14612500",phase_qwindow_boundary_sensitive
0.0793333333333333,1.146125,FFLO,2,0.0,0.015769787538256,0.5333455224233749,0.2628776967626218,0.2555441536864931,0.0139556797946701,-0.7105263157894737,-0.0063051137552889,5.370958321204672e-06,-5.43911707628912e-06,1.0810075397493792e-05,5.370958321204672e-06,5.43911707628912e-06,5.370958321204672e-06,,,-7.36912664223155e-08,-7.36912664223155e-08,,3,1,1,True,0,1,-1.0,0.5,0,0,0,0,0,19,acquisition_stochastic,1.4420355576734831,1.4420355576734831,1.4420355576734831,0.0092490720697339,0.4224242272269239,0.9988609416843116,0.4219430613981529,rerun_required,False,,"0.07933333,1.14612500",near_zero_delta_refinement
0.084,1.146125,normal,0,0.0,0.0187504642432239,0.5333891394346536,0.2646642094667907,0.2544530006093719,0.0,-1.0,0.0,0.0,0.0,0.0,0.0,0.0,0.0,,,0.0,0.0,7.187572759193017e-09,3,1,1,False,1,0,-1.0,0.5,0,0,0,0,1,3,acquisition_stochastic,0.9359984162182908,0.9359984162182908,0.9359984162182908,0.210381228949249,0.6945491339577113,0.7992465922715448,0.5551160284808535,delta_ambiguous,False,,"0.08400000,1.14612500",near_zero_delta_refinement;phase_qwindow_boundary_sensitive
0.0863333333333333,1.146125,normal,0,0.0,0.0192364382743939,0.5333510561223633,0.265651006519352,0.2539074240708113,0.0,-1.0,0.0,0.0,0.0,0.0,0.0,0.0,0.0,,,0.0,0.0,1.1067776028994558e-08,2,0,0,False,0,0,-1.0,0.5,0,0,0,1,1,7,acquisition_stochastic,0.846246097829673,0.846246097829673,0.846246097829673,0.2023496321813057,0.6070873783959593,0.7958651660383824,0.4831596972069064,near_normal_unreliable,False,,"0.08633333,1.14612500",phase_qwindow_boundary_sensitive
0.091,1.146125,normal,0,0.0,0.0226081516371314,0.5333510561223633,0.2678082353392786,0.2528162709936902,0.0,-1.0,0.0,0.0,0.0,0.0,0.0,0.0,0.0,,,0.0,0.0,1.8664577661198223e-08,2,0,0,False,0,0,-1.0,0.5,0,0,0,1,1,13,acquisition_stochastic,0.7359078639827134,0.7359078639827134,0.7359078639827134,0.3768284104524776,0.6223308408144778,0.6309660488507989,0.3926696317067065,near_normal_unreliable,False,,"0.09100000,1.14612500",phase_qwindow_boundary_sensitive
0.0676666666666666,1.1395000000000002,FFLO,2,2.0,0.0247775520263484,0.5302205328696378,0.2564291302679697,0.2544811320754718,0.0676691729323308,-0.7030075187969925,-0.0240122445995497,0.00082938470978,-0.0008701954441527,0.0016995801539327,0.00082938470978,0.0008701954441527,0.00082938470978,,,-5.255731305897626e-05,-5.255731305897626e-05,,0,0,0,False,0,0,-1.0,0.5,0,0,0,1,1,7,acquisition_stochastic,0.6405540268088629,0.6405540268088629,0.6405540268088629,0.0335659828221288,0.3683423540224101,0.6367144633450338,0.2345289042686253,clean,False,,"0.06766667,1.13950000",phase_qwindow_boundary_sensitive
0.0816666666666666,1.1395000000000002,normal,0,0.0,0.016137521755539,0.5302477090200458,0.2606880891072094,0.2519004818039636,0.0,-1.0,0.0,0.0,0.0,0.0,0.0,0.0,0.0,,,0.0,0.0,2.055089209918037e-09,3,1,1,False,1,0,-1.0,0.5,0,0,0,0,1,5,acquisition_stochastic,0.9613995570857178,0.9613995570857178,0.9613995570857178,0.5122184899903148,0.5868510854095308,0.8954139942727817,0.5254746744298653,delta_ambiguous,False,,"0.08166667,1.13950000",near_zero_delta_refinement;phase_qwindow_boundary_sensitive
0.0863333333333333,1.1395000000000002,normal,0,0.0,0.0162055139531138,0.5302260991825473,0.2626217518871449,0.2508093287268425,0.0,-1.0,0.0,0.0,0.0,0.0,0.0,0.0,0.0,,,0.0,0.0,9.906087505839878e-09,3,1,1,False,1,0,-1.0,0.5,0,0,0,0,1,2,acquisition_stochastic,0.9568276094465968,0.9568276094465968,0.9568276094465968,0.0031305731535188,0.7417214498473832,0.8009975423634336,0.5941170584459967,delta_ambiguous,False,,"0.08633333,1.13950000",near_zero_delta_refinement;phase_qwindow_boundary_sensitive
0.0886666666666666,1.1395000000000002,normal,0,0.0,0.0177708061959759,0.5302205328696378,0.2636820439062145,0.2502637521882819,0.0,-1.0,0.0,0.0,0.0,0.0,0.0,0.0,0.0,,,0.0,0.0,1.3743184368308904e-08,2,0,0,False,0,0,-1.0,0.5,0,0,0,1,1,17,acquisition_stochastic,0.6782980506968613,0.6782980506968613,0.6782980506968613,0.0630423383883432,0.673009615454267,0.5809494586107614,0.3909845717379931,near_normal_unreliable,False,,"0.08866667,1.13950000",phase_qwindow_boundary_sensitive
0.0933333333333333,1.1395000000000002,normal,0,0.0,0.0229419694067955,0.5302205328696378,0.2659858236331345,0.2491725991111608,0.0,-1.0,0.0,0.0,0.0,0.0,0.0,0.0,0.0,,,0.0,0.0,2.1260403659795202e-08,2,0,0,False,0,0,-1.0,0.5,0,0,0,1,1,8,acquisition_stochastic,0.5626000710262045,0.5626000710262045,0.5626000710262045,0.288084556316462,0.663280123928907,0.4334295938985025,0.2874852347554545,near_normal_unreliable,False,,"0.09333333,1.13950000",phase_qwindow_boundary_sensitive
0.07,1.132875,FFLO,2,2.0,0.0248345480206631,0.5271228807009871,0.2538807108388182,0.2513561320754717,0.0646616541353383,-0.6917293233082706,-0.0216571273508077,0.0006855258048197,-0.0007158761453236,0.0014014019501433,0.0006855258048197,0.0007158761453236,0.0006855258048197,,,-4.141013996439291e-05,-4.141013996439291e-05,,0,0,0,False,0,0,-1.0,0.5,0,0,0,1,1,10,acquisition_stochastic,0.6599804587196402,0.6599804587196402,0.6599804587196402,0.0017435149266778,0.2970521349417989,0.535895383948591,0.159188867907384,clean,False,,"0.07000000,1.13287500",phase_qwindow_boundary_sensitive
0.0723333333333333,1.132875,FFLO,2,2.0,0.0230206259653179,0.5270956537797548,0.2545002858441494,0.2509846926142369,0.0586466165413533,-0.6917293233082706,-0.0194423864255832,0.0004905353380539,-0.0005099878974259,0.0010005232354799,0.0004905353380539,0.0005099878974259,0.0004905353380539,,,-2.689294426705402e-05,-2.689294426705402e-05,,0,0,0,False,0,0,-1.0,0.5,0,0,0,1,1,9,acquisition_stochastic,0.7035301742413725,0.7035301742413725,0.7035301742413725,0.1857986965048317,0.3841100972902652,0.7929923174569365,0.3045963562088167,clean,False,,"0.07233333,1.13287500",phase_qwindow_boundary_sensitive
0.077,1.132875,FFLO,2,2.0,0.0175846182280226,0.5271011427533054,0.2559385130824995,0.2498935395371158,0.0421052631578947,-0.6917293233082706,-0.0108925942343071,0.0001636735543519,-0.0001672784805795,0.0003309520349314,0.0001636735543519,0.0001672784805795,0.0001636735543519,,,-6.4339095791066114e-06,-6.4339095791066114e-06,,0,0,0,False,0,0,-1.0,0.5,0,0,0,1,1,15,acquisition_stochastic,1.2175076965777398,1.2175076965777398,1.2175076965777398,0.5841942691424417,0.3394584222731983,0.9833022951514384,0.333790245729722,clean,False,,"0.07700000,1.13287500",phase_qwindow_boundary_sensitive
0.0793333333333333,1.132875,FFLO,2,2.0,0.0149503437989495,0.5270955434397664,0.256756050180473,0.2493479629985552,0.0285714285714285,-0.6917293233082706,-0.0097170447648248,4.8201637685041024e-05,-4.914758443419451e-05,9.734922211923554e-05,4.8201637685041024e-05,4.914758443419451e-05,4.8201637685041024e-05,,,-1.2911530919978986e-06,-1.2911530919978986e-06,,0,0,0,False,0,0,-1.0,0.5,0,0,0,1,1,10,acquisition_stochastic,1.270603937798084,1.270603937798084,1.270603937798084,0.4230454250498746,0.3923471677022244,0.9783855454185943,0.3838667976657816,clean,False,,"0.07933333,1.13287500",phase_qwindow_boundary_sensitive
0.0816666666666666,1.132875,normal,0,0.0,0.0131350288698005,0.5271228807009871,0.2576383867980403,0.2488023864599946,0.0,-1.0,0.0,0.0,0.0,0.0,0.0,0.0,0.0,,,0.0,0.0,8.57796500497443e-10,3,1,1,False,1,0,-1.0,0.5,0,0,0,0,1,6,acquisition_stochastic,1.1347501215801783,1.1347501215801783,1.1347501215801783,0.0345441000690038,0.5528029255390152,0.9644020552821798,0.5331242775558281,delta_ambiguous,False,,"0.08166667,1.13287500",near_zero_delta_refinement;phase_qwindow_boundary_sensitive
0.0863333333333333,1.132875,normal,0,0.0,0.0132184740981917,0.5271011427533054,0.2595947671155977,0.2477112333828735,0.0,-1.0,0.0,0.0,0.0,0.0,0.0,0.0,0.0,,,0.0,0.0,8.736359413674677e-09,3,1,1,False,1,0,-1.0,0.5,0,0,0,0,1,9,acquisition_stochastic,0.8327110157280717,0.8327110157280717,0.8327110157280717,0.425011004294101,0.5499781986226164,0.8257407136762148,0.4541393902369983,delta_ambiguous,False,,"0.08633333,1.13287500",near_zero_delta_refinement;phase_qwindow_boundary_sensitive
0.0886666666666666,1.132875,normal,0,0.0,0.0150967191089632,0.5270955434397664,0.2606673720051804,0.247165656844313,0.0,-1.0,0.0,0.0,0.0,0.0,0.0,0.0,0.0,,,0.0,0.0,1.2589224551717848e-08,2,0,0,False,0,0,-1.0,0.5,0,0,0,1,1,15,acquisition_stochastic,0.6459433782534173,0.6459433782534173,0.6459433782534173,0.1267693445731578,0.5887278092227406,0.5206850143160099,0.3065417477733758,near_normal_unreliable,False,,"0.08866667,1.13287500",phase_qwindow_boundary_sensitive
0.0933333333333333,1.132875,normal,0,0.0,0.0209390385467514,0.5270955434397664,0.26299756067942,0.2460745037671918,0.0,-1.0,0.0,0.0,0.0,0.0,0.0,0.0,0.0,,,0.0,0.0,2.0135935807630293e-08,2,0,0,False,0,0,-1.0,0.5,0,0,0,1,1,14,acquisition_stochastic,0.8667612768974994,0.8667612768974994,0.8667612768974994,0.0009492780704117,0.6074780217863106,0.5752921524473911,0.3494773387179297,near_normal_unreliable,False,,"0.09333333,1.13287500",phase_qwindow_boundary_sensitive
0.0746666666666666,1.1262500000000002,FFLO,2,2.0,0.0190075685969051,0.5239759665066355,0.2521088805957349,0.2473410207317075,0.0541353383458646,-0.6842105263157895,-0.0161789976926209,0.0003655061502187,-0.0003775276930546,0.0007430338432734,0.0003655061502187,0.0003775276930546,0.0003655061502187,,,-1.846792039073009e-05,-1.846792039073009e-05,,0,0,0,False,0,0,-1.0,0.5,0,0,0,1,1,4,acquisition_stochastic,1.06955180549035,1.06955180549035,1.06955180549035,0.3977938651443913,0.4842303818508238,0.9564508673675276,0.4631425687269295,clean,False,,"0.07466667,1.12625000",phase_qwindow_boundary_sensitive
0.077,1.1262500000000002,FFLO,2,2.0,0.0155196463627657,0.523976186843773,0.2528701490457288,0.2467954441931469,0.0451127819548872,-0.6842105263157895,-0.0145965832382097,0.0002053597666424,-0.0002114436727393,0.0004168034393818,0.0002053597666424,0.0002114436727393,0.0002053597666424,,,-8.731390103822179e-06,-8.731390103822179e-06,,0,0,0,False,0,0,-1.0,0.5,0,0,0,1,1,11,acquisition_stochastic,0.7920808829267592,0.7920808829267592,0.7920808829267592,0.0655485259799959,0.3578449242072798,0.8841122976443442,0.3163750981412644,clean,False,,"0.07700000,1.12625000",phase_qwindow_boundary_sensitive
0.0793333333333333,1.1262500000000002,FFLO,2,2.0,0.0124560589556565,0.5239705541359769,0.2536975740991741,0.2462498676545864,0.0330827067669172,-0.6842105263157895,-0.0119622371455941,7.806820836808669e-05,-7.995856207143663e-05,0.0001580267704395,7.806820836808669e-05,7.995856207143663e-05,7.806820836808669e-05,,,-2.441649606277352e-06,-2.441649606277352e-06,,0,0,0,False,0,0,-1.0,0.5,0,0,0,1,1,12,acquisition_stochastic,1.172170201573498,1.172170201573498,1.172170201573498,0.0411929497968423,0.3785191855504363,0.9788432335646085,0.370510943550431,clean,False,,"0.07933333,1.12625000",phase_qwindow_boundary_sensitive
0.091,1.1262500000000002,normal,0,0.0,0.015730754764077,0.523976186843773,0.2588030652139255,0.2435219849617835,0.0,-1.0,0.0,0.0,0.0,0.0,0.0,0.0,0.0,,,0.0,0.0,1.5254074448023406e-08,2,0,0,False,0,0,-1.0,0.5,0,0,0,1,1,15,acquisition_stochastic,0.568527626082993,0.568527626082993,0.568527626082993,0.000737171179584,0.6228714859446955,0.4284048961835566,0.2668411942718349,near_normal_unreliable,False,,"0.09100000,1.12625000",phase_qwindow_boundary_sensitive
0.0933333333333333,1.1262500000000002,normal,0,0.0,0.019237566380973,0.5239705541359769,0.2600125126274763,0.242976408423223,0.0,-1.0,0.0,0.0,0.0,0.0,0.0,0.0,0.0,,,0.0,0.0,1.9012737606516342e-08,2,0,0,False,0,0,-1.0,0.5,0,0,0,1,1,10,acquisition_stochastic,0.6429245160065448,0.6429245160065448,0.6429245160065448,0.0124734126798124,0.6062806168458471,0.5151848868139007,0.3123466109671897,near_normal_unreliable,False,,"0.09333333,1.12625000",phase_qwindow_boundary_sensitive
0.0956666666666666,1.1262500000000002,normal,0,0.0,0.0229659203451413,0.5239687500000002,0.2612828144057812,0.2424308318846624,0.0,-1.0,0.0,0.0,0.0,0.0,0.0,0.0,0.0,,,0.0,0.0,2.272103638567557e-08,2,0,0,False,0,0,-1.0,0.5,0,0,0,1,1,12,acquisition_stochastic,0.4937032970412428,0.4937032970412428,0.4937032970412428,0.0047951673392196,0.6329276525644114,0.3532703705495347,0.2235945863524768,near_normal_unreliable,False,,"0.09566667,1.12625000",clean_high_JA_boundary_control;phase_qwindow_boundary_sensitive
0.077,1.119625,FFLO,2,2.0,0.0138575357919547,0.520851231463304,0.2498031891868824,0.2436973488491779,0.0481203007518796,-0.6729323308270677,-0.0159704658348609,0.000250335030282,-0.0002584607356792,0.0005087957659613,0.000250335030282,0.0002584607356792,0.000250335030282,,,-1.136286038749823e-05,-1.136286038749823e-05,,0,0,0,False,0,0,-1.0,0.5,0,0,0,1,1,18,acquisition_stochastic,0.8313762033747001,0.8313762033747001,0.8313762033747001,0.121135001537785,0.3224150662125683,0.8678803463815024,0.2798176993431788,clean,False,,"0.07700000,1.11962500",clean_high_JA_boundary_control;phase_qwindow_boundary_sensitive
0.0933333333333333,1.119625,normal,0,0.0,0.017923611111111,0.5208455649605385,0.2570307914868991,0.239878313079254,0.0,-1.0,0.0,0.0,0.0,0.0,0.0,0.0,0.0,,,0.0,0.0,1.7892533898944407e-08,2,0,0,False,0,0,-1.0,0.5,0,0,0,1,1,11,acquisition_stochastic,0.6738673624425576,0.6738673624425576,0.6738673624425576,0.1939022818257148,0.609786474559048,0.5557816271013449,0.3389081190148206,near_normal_unreliable,False,,"0.09333333,1.11962500",phase_qwindow_boundary_sensitive
0.0956666666666666,1.119625,normal,0,0.0,0.0218770512706666,0.52084375,0.2583157566880777,0.2393327365406934,0.0,-1.0,0.0,0.0,0.0,0.0,0.0,0.0,0.0,,,0.0,0.0,2.1613861589386832e-08,2,0,0,False,0,0,-1.0,0.5,0,0,0,1,1,19,acquisition_stochastic,0.5077658878256419,0.5077658878256419,0.5077658878256419,0.011064690125562,0.694357903125301,0.3061596641147548,0.2125843823962676,near_normal_unreliable,False,,"0.09566667,1.11962500",phase_qwindow_boundary_sensitive
0.0723333333333333,1.1130000000000002,FFLO,2,2.0,0.0209359290916122,0.5177206882538181,0.2452455068769633,0.2416904065823301,0.0646616541353383,-0.6654135338345865,-0.0236363978599116,0.0006673306573081,-0.00069964094189,0.0013669715991981,0.0006673306573081,0.00069964094189,0.0006673306573081,,,-4.0732703347812205e-05,-4.0732703347812205e-05,,0,0,0,False,0,0,-1.0,0.5,0,0,0,1,1,12,acquisition_stochastic,0.5464400857548222,0.5464400857548222,0.5464400857548222,0.0030684607619067,0.2745066699377548,0.5951468649203487,0.1633717840131797,clean,False,,"0.07233333,1.11300000",phase_qwindow_boundary_sensitive
0.077,1.1130000000000002,FFLO,2,2.0,0.0127567403056309,0.5177262766214792,0.2467376858679388,0.240599253505209,0.0511278195488721,-0.6654135338345865,-0.0174421496220502,0.0002981881848442,-0.0003087749262429,0.0006069631110872,0.0002981881848442,0.0003087749262429,0.0002981881848442,,,-1.4322926602972076e-05,-1.4322926602972076e-05,,0,0,0,False,0,0,-1.0,0.5,0,0,0,1,1,13,acquisition_stochastic,0.6201374980215228,0.6201374980215228,0.6201374980215228,0.0820714443977432,0.2790342719212403,0.7233893575601155,0.2018504227023606,clean,False,,"0.07700000,1.11300000",phase_qwindow_boundary_sensitive
0.0793333333333333,1.1130000000000002,FFLO,2,0.0,0.0087765827465358,0.5177205759157758,0.2475856063119633,0.2400536769666484,0.0421052631578947,-0.6654135338345865,-0.0127332199100426,0.0001496450771132,-0.0001535051556933,0.0003031502328065,0.0001496450771132,0.0001535051556933,0.0001496450771132,,,-5.803574433471681e-06,-5.803574433471681e-06,,0,0,0,False,0,0,-1.0,0.5,0,0,0,1,1,2,acquisition_stochastic,1.6624395484318797,1.6624395484318797,1.6624395484318797,0.0058504878126091,0.5771383883753928,0.9994627529691816,0.5768283224898668,clean,False,,"0.07933333,1.11300000",phase_qwindow_boundary_sensitive
0.084,1.1130000000000002,normal,0,0.0,0.0031277842534964,0.5177655091876441,0.2494816481633925,0.2389625238895273,0.0,-1.0,0.0,0.0,0.0,0.0,0.0,0.0,0.0,,,0.0,0.0,1.3120247110975922e-09,3,1,1,False,1,0,-1.0,0.5,0,0,0,0,1,10,acquisition_stochastic,1.5252310409398209,1.5252310409398209,1.5252310409398209,0.0399354764879513,0.4189196855052294,0.9978905501228044,0.4180359954260856,delta_ambiguous,False,,"0.08400000,1.11300000",near_zero_delta_refinement;phase_qwindow_boundary_sensitive
0.0933333333333333,1.1130000000000002,normal,0,0.0,0.0170868066139446,0.5177205759157758,0.2540525143979293,0.236780217735285,0.0,-1.0,0.0,0.0,0.0,0.0,0.0,0.0,0.0,,,0.0,0.0,1.6774336808467183e-08,2,0,0,False,0,0,-1.0,0.5,0,0,0,1,1,2,acquisition_stochastic,0.892716774933349,0.892716774933349,0.892716774933349,0.2961549735783713,0.7589967931802359,0.7117616158914286,0.5402247839703772,near_normal_unreliable,False,,"0.09333333,1.11300000",clean_high_JA_boundary_control;phase_qwindow_boundary_sensitive
0.07,1.106375,FFLO,2,2.0,0.0248680555555555,0.5146235882744854,0.2415114118093321,0.2388561320754716,0.0721804511278195,-0.6578947368421053,-0.0243570328928657,0.0009492742404175,-0.0009966717099381,0.0019459459503556,0.0009492742404175,0.0009966717099381,0.0009492742404175,,,-6.38344204411112e-05,-6.38344204411112e-05,,0,0,0,False,0,0,-1.0,0.5,0,0,0,1,1,3,acquisition_stochastic,0.7275991269044012,0.7275991269044012,0.7275991269044012,0.3577276563095721,0.4084249692942659,0.7710740116595646,0.3149258795356641,clean,False,,"0.07000000,1.10637500",phase_qwindow_boundary_sensitive
0.0746666666666666,1.106375,FFLO,2,2.0,0.0165347222222223,0.5146010979769307,0.2428836029332143,0.2380467346998006,0.0616541353383458,-0.6541353383458647,-0.0197261343628541,0.0005320948014757,-0.0005535095793569,0.0010856043808327,0.0005320948014757,0.0005535095793569,0.0005320948014757,,,-3.0347582193446243e-05,-3.0347582193446243e-05,,0,0,0,False,0,0,-1.0,0.5,0,0,0,1,1,16,acquisition_stochastic,0.6067005797695456,0.6067005797695456,0.6067005797695456,0.0239888182508679,0.2699900658228796,0.6445068514751107,0.174010447253062,clean,False,,"0.07466667,1.10637500",phase_qwindow_boundary_sensitive
0.0793333333333333,1.106375,FFLO,2,2.0,0.0082013888888889,0.5145955870040693,0.2445322391881912,0.2369555816226795,0.0451127819548872,-0.6541353383458647,-0.0153365094854184,0.0001908748547529,-0.000196820752105,0.000387695606858,0.0001908748547529,0.000196820752105,0.0001908748547529,,,-8.000600066004893e-06,-8.000600066004893e-06,,0,0,0,False,0,0,-1.0,0.5,0,0,0,1,1,6,acquisition_stochastic,1.1418187741882917,1.1418187741882917,1.1418187741882917,0.5846787990219668,0.4595017245536617,0.9745107727809524,0.4477893806889692,clean,False,,"0.07933333,1.10637500",phase_qwindow_boundary_sensitive
0.0816666666666666,1.106375,FFLO,2,0.0,0.0040347222222223,0.5146235882744854,0.2454585200191874,0.2364100050841189,0.031578947368421,-0.6541353383458647,-0.0127878097172252,6.629760881660167e-05,-6.801517514043504e-05,0.000134312783957,6.629760881660167e-05,6.801517514043504e-05,6.629760881660167e-05,,,-1.9953588736854044e-06,-1.9953588736854044e-06,,0,0,0,False,0,0,-1.0,0.5,0,0,0,1,1,5,acquisition_stochastic,1.4873117313626183,1.4873117313626183,1.4873117313626183,0.0103027616705049,0.4970992576944272,0.997751618493229,0.4959815889163975,clean,False,,"0.08166667,1.10637500",phase_qwindow_boundary_sensitive
0.084,1.106375,normal,0,0.0,0.0001319444444444,0.5146407931186959,0.2464517728072798,0.2358644285455583,0.0,-1.0,0.0,0.0,0.0,0.0,0.0,0.0,0.0,,,0.0,0.0,1.3964984724168517e-10,3,1,1,False,1,0,-1.0,0.5,0,0,0,0,1,1,acquisition_stochastic,1.5336877602449916,1.5336877602449916,1.5336877602449916,1.337521137227052,0.3767937557646086,0.9967059752314352,0.3755525878004795,delta_ambiguous,False,,"0.08400000,1.10637500",near_zero_delta_refinement;phase_qwindow_boundary_sensitive
0.0863333333333333,1.106375,normal,0,0.0,0.004298611111111,0.514601322328111,0.2475111912862014,0.2353188520069978,0.0,-1.0,0.0,0.0,0.0,0.0,0.0,0.0,0.0,,,0.0,0.0,4.104138584537509e-09,3,1,1,False,1,0,-1.0,0.5,0,0,0,0,1,14,acquisition_stochastic,1.487307693022048,1.487307693022048,1.487307693022048,0.4465120624224637,0.4159930678766934,0.9884029716212094,0.4111687844631472,delta_ambiguous,False,,"0.08633333,1.10637500",near_zero_delta_refinement;phase_qwindow_boundary_sensitive
0.091,1.106375,normal,0,0.0,0.0126319444444444,0.514601322328111,0.2498251057494186,0.2342276989298767,0.0,-1.0,0.0,0.0,0.0,0.0,0.0,0.0,0.0,,,0.0,0.0,1.1860099125016177e-08,2,0,0,False,0,0,-1.0,0.5,0,0,0,1,1,18,acquisition_stochastic,0.7169880293295187,0.7169880293295187,0.7169880293295187,0.0588454729319278,0.5956236876281317,0.584682513857647,0.3482507549955779,near_normal_unreliable,False,,"0.09100000,1.10637500",phase_qwindow_boundary_sensitive
0.084,1.093125,FFLO,2,2.0,0.0062513925917687,0.5083913714519949,0.2403993285533627,0.2296682378576204,0.0245390650539391,-0.6353383458646616,-0.0056756324747895,2.8558254660193896e-05,-2.888427736036391e-05,5.744253202055781e-05,2.8558254660193896e-05,2.888427736036391e-05,2.8558254660193896e-05,,,-6.569638928421995e-07,-6.569638928421995e-07,,3,1,1,True,0,1,-1.0,0.5,0,0,0,0,0,19,acquisition_stochastic,1.3886392275034405,1.3886392275034405,1.3886392275034405,0.7238103932458553,0.3548375815102397,0.9994316397053882,0.3546359059178732,rerun_required,False,,"0.08400000,1.09312500",near_zero_delta_refinement
0.0956666666666666,0.9805,FFLO,2,2.0,0.0074424401690225,0.45521875,0.1971382533741955,0.174272734317346,0.0210517514522091,-0.5037593984962406,-0.0072781218034406,1.5605389406258992e-05,-1.583421064488266e-05,3.143960005114165e-05,1.5605389406258992e-05,1.583421064488266e-05,1.5605389406258992e-05,,,-3.073356733551691e-07,-3.073356733551691e-07,,3,1,1,True,0,1,-1.0,0.5,0,0,0,0,0,19,acquisition_stochastic,1.154382607236959,1.154382607236959,1.154382607236959,0.0156748893574432,0.4123267410714553,0.9725008233551712,0.4009880951833448,rerun_required,False,,"0.09566667,0.98050000",near_zero_delta_refinement
